,id,event_id,down_time,up_time,action_time,activity,down_event,up_event,text_change,cursor_position,word_count
0,315bdafd,1,1078,1115,37,Nonproduction,Leftclick,Leftclick,NoChange,0,0
1,315bdafd,2,68362,68458,96,Nonproduction,Leftclick,Leftclick,NoChange,0,0
2,315bdafd,3,71155,71362,207,Nonproduction,Leftclick,Leftclick,NoChange,0,0
3,315bdafd,4,75243,75426,183,Nonproduction,Leftclick,Leftclick,NoChange,0,0
4,315bdafd,5,78091,78298,207,Nonproduction,Leftclick,Leftclick,NoChange,0,0
5,315bdafd,6,107978,108066,88,Nonproduction,Leftclick,Leftclick,NoChange,0,0
6,315bdafd,7,140402,140488,86,Input,q,q,q,1,1
7,315bdafd,8,141630,141687,57,Input,q,q,q,2,1
8,315bdafd,9,141846,141902,56,Input,q,q,q,3,1
9,315bdafd,10,142774,143266,492,Remove/Cut,Backspace,Backspace,q,2,1
10,315bdafd,11,143266,143300,34,Remove/Cut,Backspace,Backspace,q,1,1
11,315bdafd,12,143300,143333,33,Remove/Cut,Backspace,Backspace,q,0,0
12,315bdafd,13,143333,143365,32,Nonproduction,Backspace,Backspace,NoChange,0,0
13,315bdafd,14,143365,143399,34,Nonproduction,Backspace,Backspace,NoChange,0,0
14,315bdafd,15,143399,143431,32,Nonproduction,Backspace,Backspace,NoChange,0,0
15,315bdafd,16,143431,143465,34,Nonproduction,Backspace,Backspace,NoChange,0,0
16,315bdafd,17,143465,143497,32,Nonproduction,Backspace,Backspace,NoChange,0,0
17,315bdafd,18,143497,143510,13,Nonproduction,Backspace,Backspace,NoChange,0,0
18,315bdafd,19,144751,144894,143,Nonproduction,CapsLock,CapsLock,NoChange,0,0
19,315bdafd,20,145726,145822,96,Input,q,q,q,1,1
20,315bdafd,21,146287,146470,183,Nonproduction,CapsLock,CapsLock,NoChange,1,1
21,315bdafd,22,146542,146630,88,Input,q,q,q,2,1
22,315bdafd,23,146750,146830,80,Input,q,q,q,3,1
23,315bdafd,24,147054,147206,152,Input,q,q,q,4,1
24,315bdafd,25,147278,147367,89,Input,Space,Space, ,5,1
25,315bdafd,26,148966,149477,511,Remove/Cut,Backspace,Backspace, ,4,1
26,315bdafd,27,149477,149495,18,Remove/Cut,Backspace,Backspace,q,3,1
27,315bdafd,28,149495,149529,34,Remove/Cut,Backspace,Backspace,q,2,1
28,315bdafd,29,149529,149561,32,Remove/Cut,Backspace,Backspace,q,1,1
29,315bdafd,30,149561,149594,33,Remove/Cut,Backspace,Backspace,q,0,0
30,315bdafd,31,149594,149627,33,Nonproduction,Backspace,Backspace,NoChange,0,0
31,315bdafd,32,149627,149660,33,Nonproduction,Backspace,Backspace,NoChange,0,0
32,315bdafd,33,149660,149693,33,Nonproduction,Backspace,Backspace,NoChange,0,0
33,315bdafd,34,149693,149710,17,Nonproduction,Backspace,Backspace,NoChange,0,0
34,315bdafd,35,150703,150902,199,Nonproduction,CapsLock,CapsLock,NoChange,0,0
35,315bdafd,36,151054,151189,135,Input,q,q,q,1,1
36,315bdafd,37,151431,151574,143,Nonproduction,CapsLock,CapsLock,NoChange,1,1
37,315bdafd,38,151782,151838,56,Input,q,q,q,2,1
38,315bdafd,39,151974,152046,72,Input,q,q,q,3,1
39,315bdafd,40,152214,152295,81,Input,Space,Space, ,4,1
40,315bdafd,41,152606,152678,72,Input,q,q,q,5,2
41,315bdafd,42,153022,153094,72,Input,q,q,q,6,2
42,315bdafd,43,153304,153438,134,Input,q,q,q,7,2
43,315bdafd,44,153478,153526,48,Input,Space,Space, ,8,2
44,315bdafd,45,153918,153982,64,Input,q,q,q,9,3
45,315bdafd,46,154382,154526,144,Input,q,q,q,10,3
46,315bdafd,47,154606,154686,80,Input,q,q,q,11,3
47,315bdafd,48,154823,154918,95,Input,q,q,q,12,3
48,315bdafd,49,155054,155126,72,Input,q,q,q,13,3
49,315bdafd,50,155318,155430,112,Input,q,q,q,14,3
50,315bdafd,51,155582,155718,136,Input,q,q,q,15,3
51,315bdafd,52,155846,155918,72,Input,Space,Space, ,16,3
52,315bdafd,53,156062,156190,128,Input,q,q,q,17,4
53,315bdafd,54,156582,156670,88,Input,q,q,q,18,4
54,315bdafd,55,156816,156886,70,Input,q,q,q,19,4
55,315bdafd,56,157118,157182,64,Input,Space,Space, ,20,4
56,315bdafd,57,157494,157550,56,Input,q,q,q,21,5
57,315bdafd,58,157734,157878,144,Input,q,q,q,22,5
58,315bdafd,59,157958,158022,64,Input,q,q,q,23,5
59,315bdafd,60,158646,158719,73,Input,q,q,q,24,5
60,315bdafd,61,158894,158998,104,Input,Space,Space, ,25,5
61,315bdafd,62,159350,159414,64,Input,q,q,q,26,6
62,315bdafd,63,159606,159662,56,Input,q,q,q,27,6
63,315bdafd,64,160038,160102,64,Input,q,q,q,28,6
64,315bdafd,65,160238,160358,120,Input,q,q,q,29,6
65,315bdafd,66,160438,160502,64,Input,q,q,q,30,6
66,315bdafd,67,160662,160782,120,Input,q,q,q,31,6
67,315bdafd,68,160862,160910,48,Input,q,q,q,32,6
68,315bdafd,69,161574,161718,144,Input,q,q,q,33,6
69,315bdafd,70,162574,162719,145,Input,q,q,q,34,6
70,315bdafd,71,164526,164655,129,Input,Space,Space, ,35,6
71,315bdafd,72,165838,165910,72,Input,q,q,q,36,7
72,315bdafd,73,166094,166198,104,Input,Space,Space, ,37,7
73,315bdafd,74,166334,166470,136,Input,q,q,q,38,8
74,315bdafd,75,166590,166670,80,Input,q,q,q,39,8
75,315bdafd,76,166862,166942,80,Input,q,q,q,40,8
76,315bdafd,77,167055,167118,63,Input,q,q,q,41,8
77,315bdafd,78,167254,167350,96,Input,Space,Space, ,42,8
78,315bdafd,79,167526,167598,72,Input,q,q,q,43,9
79,315bdafd,80,167758,167870,112,Input,q,q,q,44,9
80,315bdafd,81,167966,168046,80,Input,Space,Space, ,45,9
81,315bdafd,82,168534,168806,272,Input,q,q,q,46,10
82,315bdafd,83,169295,169398,103,Input,q,q,q,47,10
83,315bdafd,84,169478,169646,168,Input,q,q,q,48,10
84,315bdafd,85,170071,170142,71,Input,q,q,q,49,10
85,315bdafd,86,170358,170558,200,Input,q,q,q,50,10
86,315bdafd,87,170591,170710,119,Input,Space,Space, ,51,10
87,315bdafd,88,173431,173510,79,Input,q,q,q,52,11
88,315bdafd,89,173718,173782,64,Input,q,q,q,53,11
89,315bdafd,90,173966,174024,58,Input,Space,Space, ,54,11
90,315bdafd,91,174478,174662,184,Input,q,q,q,55,12
91,315bdafd,92,174679,174758,79,Input,q,q,q,56,12
92,315bdafd,93,174966,175029,63,Input,q,q,q,57,12
93,315bdafd,94,175422,175478,56,Input,q,q,q,58,12
94,315bdafd,95,175830,175886,56,Input,q,q,q,59,12
95,315bdafd,96,176022,176110,88,Input,q,q,q,60,12
96,315bdafd,97,176510,176582,72,Input,q,q,q,61,12
97,315bdafd,98,176790,176966,176,Input,q,q,q,62,12
98,315bdafd,99,176999,177086,87,Input,Space,Space, ,63,12
99,315bdafd,100,181950,182038,88,Input,.,.,.,64,12
100,315bdafd,101,182310,182430,120,Input,Space,Space, ,65,12
101,315bdafd,102,182598,182686,88,Input,q,q,q,66,13
102,315bdafd,103,182854,182942,88,Input,q,q,q,67,13
103,315bdafd,104,183094,183438,344,Input,q,q,q,68,13
104,315bdafd,105,183959,184062,103,Input,q,q,q,69,13
105,315bdafd,106,184206,184358,152,Input,q,q,q,70,13
106,315bdafd,107,184510,184590,80,Input,q,q,q,71,13
107,315bdafd,108,184702,184846,144,Input,q,q,q,72,13
108,315bdafd,109,184974,185110,136,Input,q,q,q,73,13
109,315bdafd,110,185206,185302,96,Input,Space,Space, ,74,13
110,315bdafd,111,185958,186014,56,Input,q,q,q,75,14
111,315bdafd,112,186206,186294,88,Input,q,q,q,76,14
112,315bdafd,113,186510,186669,159,Input,Space,Space, ,77,14
113,315bdafd,114,191583,191725,142,Remove/Cut,Backspace,Backspace, ,76,14
114,315bdafd,115,191830,191917,87,Remove/Cut,Backspace,Backspace,q,75,14
115,315bdafd,116,192014,192077,63,Remove/Cut,Backspace,Backspace,q,74,13
116,315bdafd,117,192686,192765,79,Input,q,q,q,75,14
117,315bdafd,118,192942,193013,71,Input,Space,Space, ,76,14
118,315bdafd,119,193238,193333,95,Input,q,q,q,77,15
119,315bdafd,120,193446,193509,63,Input,q,q,q,78,15
120,315bdafd,121,193702,193773,71,Input,q,q,q,79,15
121,315bdafd,122,193862,193949,87,Input,q,q,q,80,15
122,315bdafd,123,194135,194214,79,Input,Space,Space, ,81,15
123,315bdafd,124,194551,194614,63,Input,q,q,q,82,16
124,315bdafd,125,194919,194997,78,Input,Space,Space, ,83,16
125,315bdafd,126,195663,195781,118,Remove/Cut,Backspace,Backspace, ,82,16
126,315bdafd,127,195935,196117,182,Input,q,q,q,83,16
127,315bdafd,128,196318,196429,111,Input,Space,Space, ,84,16
128,315bdafd,129,196775,196854,79,Input,q,q,q,85,17
129,315bdafd,130,197016,197165,149,Input,q,q,q,86,17
130,315bdafd,131,197422,197485,63,Input,q,q,q,87,17
131,315bdafd,132,197646,197710,64,Input,q,q,q,88,17
132,315bdafd,133,197840,197917,77,Input,q,q,q,89,17
133,315bdafd,134,198047,198197,150,Input,q,q,q,90,17
134,315bdafd,135,198343,198485,142,Input,q,q,q,91,17
135,315bdafd,136,198607,198685,78,Input,Space,Space, ,92,17
136,315bdafd,137,201721,201789,68,Input,.,.,.,93,17
137,315bdafd,138,202095,202173,78,Input,Space,Space, ,94,17
138,315bdafd,139,203159,203302,143,Nonproduction,CapsLock,CapsLock,NoChange,94,17
139,315bdafd,140,203342,203437,95,Input,q,q,q,95,18
140,315bdafd,141,204023,204158,135,Nonproduction,CapsLock,CapsLock,NoChange,95,18
141,315bdafd,142,204303,204373,70,Input,q,q,q,96,18
142,315bdafd,143,204527,204661,134,Input,q,q,q,97,18
143,315bdafd,144,204711,204765,54,Input,Space,Space, ,98,18
144,315bdafd,145,206015,206181,166,Input,q,q,q,99,19
145,315bdafd,146,206559,206629,70,Input,q,q,q,100,19
146,315bdafd,147,206735,206805,70,Input,q,q,q,101,19
147,315bdafd,148,206959,207029,70,Input,Space,Space, ,102,19
148,315bdafd,149,207231,207285,54,Input,q,q,q,103,20
149,315bdafd,150,207463,207605,142,Input,q,q,q,104,20
150,315bdafd,151,207703,207759,56,Input,q,q,q,105,20
151,315bdafd,152,207927,207990,63,Input,q,q,q,106,20
152,315bdafd,153,208135,208197,62,Input,q,q,q,107,20
153,315bdafd,154,208351,208477,126,Input,q,q,q,108,20
154,315bdafd,155,208719,208877,158,Input,q,q,q,109,20
155,315bdafd,156,209031,209117,86,Input,Space,Space, ,110,20
156,315bdafd,157,209463,209621,158,Input,q,q,q,111,21
157,315bdafd,158,209655,209733,78,Input,q,q,q,112,21
158,315bdafd,159,209871,210013,142,Input,q,q,q,113,21
159,315bdafd,160,210119,210157,38,Input,Space,Space, ,114,21
160,315bdafd,161,210543,210597,54,Input,q,q,q,115,22
161,315bdafd,162,210695,210845,150,Input,q,q,q,116,22
162,315bdafd,163,210943,210997,54,Input,q,q,q,117,22
163,315bdafd,164,211327,211381,54,Input,q,q,q,118,22
164,315bdafd,165,211585,211645,60,Input,Space,Space, ,119,22
165,315bdafd,166,216975,217157,182,Input,q,q,q,120,23
166,315bdafd,167,217279,217365,86,Input,q,q,q,121,23
167,315bdafd,168,218079,218141,62,Input,q,q,q,122,23
168,315bdafd,169,218335,218406,71,Input,q,q,q,123,23
169,315bdafd,170,218583,218653,70,Input,Space,Space, ,124,23
170,315bdafd,171,218991,219061,70,Input,q,q,q,125,24
171,315bdafd,172,219239,219301,62,Input,q,q,q,126,24
172,315bdafd,173,219423,219509,86,Input,Space,Space, ,127,24
173,315bdafd,174,219719,219789,70,Input,q,q,q,128,25
174,315bdafd,175,219951,220086,135,Input,q,q,q,129,25
175,315bdafd,176,220295,220493,198,Input,q,q,q,130,25
176,315bdafd,177,220591,220661,70,Input,q,q,q,131,25
177,315bdafd,178,220831,220893,62,Input,q,q,q,132,25
178,315bdafd,179,221159,221221,62,Input,Space,Space, ,133,25
179,315bdafd,180,226255,226438,183,Input,q,q,q,134,26
180,315bdafd,181,226511,226597,86,Input,q,q,q,135,26
181,315bdafd,182,226711,226845,134,Input,q,q,q,136,26
182,315bdafd,183,226887,226933,46,Input,Space,Space, ,137,26
183,315bdafd,184,227447,227517,70,Input,q,q,q,138,27
184,315bdafd,185,227687,227757,70,Input,q,q,q,139,27
185,315bdafd,186,227927,228021,94,Input,Space,Space, ,140,27
186,315bdafd,187,229335,229494,159,Input,q,q,q,141,28
187,315bdafd,188,229487,229581,94,Input,q,q,q,142,28
188,315bdafd,189,229784,229861,77,Input,q,q,q,143,28
189,315bdafd,190,230047,230102,55,Input,q,q,q,144,28
190,315bdafd,191,231106,231182,76,Input,q,q,q,145,28
191,315bdafd,192,231319,231397,78,Input,q,q,q,146,28
192,315bdafd,193,231568,231629,61,Input,q,q,q,147,28
193,315bdafd,194,231783,231917,134,Input,q,q,q,148,28
194,315bdafd,195,231903,231957,54,Input,Space,Space, ,149,28
195,315bdafd,196,232295,232349,54,Input,q,q,q,150,29
196,315bdafd,197,232535,232701,166,Input,q,q,q,151,29
197,315bdafd,198,232721,232789,68,Input,Space,Space, ,152,29
198,315bdafd,199,233207,233269,62,Input,q,q,q,153,30
199,315bdafd,200,233399,233541,142,Input,q,q,q,154,30
200,315bdafd,201,233639,233701,62,Input,q,q,q,155,30
201,315bdafd,202,234110,234173,63,Input,q,q,q,156,30
202,315bdafd,203,234367,234437,70,Input,Space,Space, ,157,30
203,315bdafd,204,235655,235829,174,Input,q,q,q,158,31
204,315bdafd,205,235879,235974,95,Input,q,q,q,159,31
205,315bdafd,206,236151,236221,70,Input,q,q,q,160,31
206,315bdafd,207,236391,236453,62,Input,q,q,q,161,31
207,315bdafd,208,236664,236725,61,Input,Space,Space, ,162,31
208,315bdafd,209,236999,237141,142,Input,q,q,q,163,32
209,315bdafd,210,237215,237293,78,Input,q,q,q,164,32
210,315bdafd,211,237447,237549,102,Input,q,q,q,165,32
211,315bdafd,212,237679,237709,30,Input,Space,Space, ,166,32
212,315bdafd,213,238105,238157,52,Input,q,q,q,167,33
213,315bdafd,214,238479,238533,54,Input,q,q,q,168,33
214,315bdafd,215,238879,238981,102,Input,q,q,q,169,33
215,315bdafd,216,239158,239269,111,Input,q,q,q,170,33
216,315bdafd,217,239367,239445,78,Input,Space,Space, ,171,33
217,315bdafd,218,240520,240687,167,Input,q,q,q,172,34
218,315bdafd,219,240751,240805,54,Input,q,q,q,173,34
219,315bdafd,220,240935,241069,134,Input,q,q,q,174,34
220,315bdafd,221,241199,241317,118,Input,q,q,q,175,34
221,315bdafd,222,241447,241549,102,Input,q,q,q,176,34
222,315bdafd,223,242223,242294,71,Input,q,q,q,177,34
223,315bdafd,224,246199,246349,150,Input,q,q,q,178,34
224,315bdafd,225,247279,247397,118,Input,Space,Space, ,179,34
225,315bdafd,226,248856,248941,85,Input,.,.,.,180,34
226,315bdafd,227,252991,253085,94,Input,q,q,q,181,35
227,315bdafd,228,253231,253293,62,Input,q,q,q,182,35
228,315bdafd,229,253471,253613,142,Input,q,q,q,183,35
229,315bdafd,230,253671,253733,62,Input,q,q,q,184,35
230,315bdafd,231,254207,254277,70,Input,q,q,q,185,35
231,315bdafd,232,254407,254557,150,Input,q,q,q,186,35
232,315bdafd,233,254641,254709,68,Input,Space,Space, ,187,35
233,315bdafd,234,255024,255101,77,Input,q,q,q,188,36
234,315bdafd,235,255263,255334,71,Input,q,q,q,189,36
235,315bdafd,236,255559,255685,126,Input,q,q,q,190,36
236,315bdafd,237,255759,255829,70,Input,Space,Space, ,191,36
237,315bdafd,238,260271,260397,126,Input,q,q,q,192,37
238,315bdafd,239,260679,260765,86,Input,q,q,q,193,37
239,315bdafd,240,260919,261093,174,Input,q,q,q,194,37
240,315bdafd,241,261175,261261,86,Input,Space,Space, ,195,37
241,315bdafd,242,261679,261829,150,Input,q,q,q,196,38
242,315bdafd,243,262047,262125,78,Input,q,q,q,197,38
243,315bdafd,244,262399,262501,102,Input,q,q,q,198,38
244,315bdafd,245,262671,262815,144,Input,q,q,q,199,38
245,315bdafd,246,262872,262941,69,Input,q,q,q,200,38
246,315bdafd,247,263302,263357,55,Input,q,q,q,201,38
247,315bdafd,248,263519,263566,47,Input,q,q,q,202,38
248,315bdafd,249,263767,263837,70,Input,q,q,q,203,38
249,315bdafd,250,263976,264045,69,Input,Space,Space, ,204,38
250,315bdafd,251,264255,264405,150,Input,q,q,q,205,39
251,315bdafd,252,265448,265525,77,Remove/Cut,Backspace,Backspace,q,204,38
252,315bdafd,253,265839,265965,126,Input,q,q,q,205,39
253,315bdafd,254,266214,266293,79,Input,q,q,q,206,39
254,315bdafd,255,266568,266693,125,Input,q,q,q,207,39
255,315bdafd,256,266751,266837,86,Input,Space,Space, ,208,39
256,315bdafd,257,267119,267181,62,Input,q,q,q,209,40
257,315bdafd,258,267585,267661,76,Input,Space,Space, ,210,40
258,315bdafd,259,267815,267965,150,Input,q,q,q,211,41
259,315bdafd,260,268039,268109,70,Input,q,q,q,212,41
260,315bdafd,261,268279,268349,70,Input,q,q,q,213,41
261,315bdafd,262,268439,268541,102,Input,q,q,q,214,41
262,315bdafd,263,268730,268797,67,Input,Space,Space, ,215,41
263,315bdafd,264,268991,269069,78,Input,q,q,q,216,42
264,315bdafd,265,269175,269309,134,Input,q,q,q,217,42
265,315bdafd,266,269415,269485,70,Input,Space,Space, ,218,42
266,315bdafd,267,269696,269829,133,Input,q,q,q,219,43
267,315bdafd,268,269967,270037,70,Input,q,q,q,220,43
268,315bdafd,269,270135,270309,174,Input,q,q,q,221,43
269,315bdafd,270,270360,270429,69,Input,q,q,q,222,43
270,315bdafd,271,270607,270669,62,Input,q,q,q,223,43
271,315bdafd,272,270855,270941,86,Input,Space,Space, ,224,43
272,315bdafd,273,271592,271693,101,Input,q,q,q,225,44
273,315bdafd,274,271887,271949,62,Input,q,q,q,226,44
274,315bdafd,275,272135,272222,87,Input,Space,Space, ,227,44
275,315bdafd,276,277255,277349,94,Input,q,q,q,228,45
276,315bdafd,277,277767,277909,142,Input,q,q,q,229,45
277,315bdafd,278,278087,278173,86,Input,q,q,q,230,45
278,315bdafd,279,278342,278509,167,Input,q,q,q,231,45
279,315bdafd,280,278719,278781,62,Input,q,q,q,232,45
280,315bdafd,281,279039,279102,63,Input,q,q,q,233,45
281,315bdafd,282,279535,279597,62,Input,q,q,q,234,45
282,315bdafd,283,279832,280013,181,Input,q,q,q,235,45
283,315bdafd,284,280064,280141,77,Input,q,q,q,236,45
284,315bdafd,285,280383,280453,70,Input,q,q,q,237,45
285,315bdafd,286,280584,280733,149,Input,q,q,q,238,45
286,315bdafd,287,280848,281021,173,Input,q,q,q,239,45
287,315bdafd,288,281119,281197,78,Input,Space,Space, ,240,45
288,315bdafd,289,282527,282613,86,Input,.,.,.,241,45
289,315bdafd,290,289038,289109,71,Input,Enter,Enter,"
",242,45
290,315bdafd,291,289766,289877,111,Input,Enter,Enter,"
",243,45
291,315bdafd,292,297144,297285,141,Input,q,q,q,244,46
292,315bdafd,293,297328,297405,77,Input,q,q,q,245,46
293,315bdafd,294,297560,297638,78,Input,q,q,q,246,46
294,315bdafd,295,297840,297941,101,Input,q,q,q,247,46
295,315bdafd,296,298000,298069,69,Input,Space,Space, ,248,46
296,315bdafd,297,298360,298413,53,Input,q,q,q,249,47
297,315bdafd,298,298767,298829,62,Input,q,q,q,250,47
298,315bdafd,299,299000,299061,61,Input,q,q,q,251,47
299,315bdafd,300,299240,299342,102,Input,q,q,q,252,47
300,315bdafd,301,299471,299605,134,Input,q,q,q,253,47
301,315bdafd,302,299600,299669,69,Input,Space,Space, ,254,47
302,315bdafd,303,300576,300709,133,Input,q,q,q,255,48
303,315bdafd,304,300855,300932,77,Input,q,q,q,256,48
304,315bdafd,305,301080,301149,69,Input,q,q,q,257,48
305,315bdafd,306,301306,301444,138,Input,q,q,q,258,48
306,315bdafd,307,301494,301556,62,Input,Space,Space, ,259,48
307,315bdafd,308,305064,305125,61,Input,q,q,q,260,49
308,315bdafd,309,305656,305733,77,Input,q,q,q,261,49
309,315bdafd,310,306424,306493,69,Input,q,q,q,262,49
310,315bdafd,311,306664,306733,69,Input,q,q,q,263,49
311,315bdafd,312,307112,307173,61,Input,q,q,q,264,49
312,315bdafd,313,307792,307869,77,Input,q,q,q,265,49
313,315bdafd,314,308311,308461,150,Input,q,q,q,266,49
314,315bdafd,315,308560,308621,61,Input,q,q,q,267,49
315,315bdafd,316,308768,308893,125,Input,q,q,q,268,49
316,315bdafd,317,308960,309029,69,Input,Space,Space, ,269,49
317,315bdafd,318,309256,309405,149,Input,q,q,q,270,50
318,315bdafd,319,309560,309629,69,Input,q,q,q,271,50
319,315bdafd,320,309816,309958,142,Input,q,q,q,272,50
320,315bdafd,321,310037,310085,48,Input,Space,Space, ,273,50
321,315bdafd,322,310344,310405,61,Input,q,q,q,274,51
322,315bdafd,323,310648,310781,133,Input,q,q,q,275,51
323,315bdafd,324,310896,310973,77,Input,q,q,q,276,51
324,315bdafd,325,311216,311277,61,Input,q,q,q,277,51
325,315bdafd,326,311457,311533,76,Input,Space,Space, ,278,51
326,315bdafd,327,311816,311869,53,Input,q,q,q,279,52
327,315bdafd,328,312048,312117,69,Input,q,q,q,280,52
328,315bdafd,329,312368,312429,61,Input,q,q,q,281,52
329,315bdafd,330,312576,312637,61,Input,q,q,q,282,52
330,315bdafd,331,312960,313031,71,Input,Space,Space, ,283,52
331,315bdafd,332,313880,313949,69,Input,q,q,q,284,53
332,315bdafd,333,314616,314733,117,Remove/Cut,Backspace,Backspace,q,283,52
333,315bdafd,334,314856,314989,133,Input,q,q,q,284,53
334,315bdafd,335,315281,315341,60,Input,q,q,q,285,53
335,315bdafd,336,315560,315709,149,Input,q,q,q,286,53
336,315bdafd,337,315776,315837,61,Input,Space,Space, ,287,53
337,315bdafd,338,316360,316421,61,Input,q,q,q,288,54
338,315bdafd,339,316824,316965,141,Input,q,q,q,289,54
339,315bdafd,340,317008,317069,61,Input,q,q,q,290,54
340,315bdafd,341,317304,317357,53,Input,q,q,q,291,54
341,315bdafd,342,317568,317613,45,Input,Space,Space, ,292,54
342,315bdafd,343,318655,318821,166,Input,q,q,q,293,55
343,315bdafd,344,318976,319029,53,Input,q,q,q,294,55
344,315bdafd,345,319616,319677,61,Input,q,q,q,295,55
345,315bdafd,346,319792,319869,77,Input,q,q,q,296,55
346,315bdafd,347,320040,320197,157,Input,q,q,q,297,55
347,315bdafd,348,320240,320302,62,Input,q,q,q,298,55
348,315bdafd,349,320520,320597,77,Input,Space,Space, ,299,55
349,315bdafd,350,321513,321589,76,Input,q,q,q,300,56
350,315bdafd,351,321760,321813,53,Input,q,q,q,301,56
351,315bdafd,352,322008,322062,54,Input,Space,Space, ,302,56
352,315bdafd,353,322707,322766,59,Input,q,q,q,303,57
353,315bdafd,354,322904,322981,77,Input,q,q,q,304,57
354,315bdafd,355,323160,323222,62,Input,q,q,q,305,57
355,315bdafd,356,323408,323477,69,Input,q,q,q,306,57
356,315bdafd,357,323792,323861,69,Input,q,q,q,307,57
357,315bdafd,358,323976,324037,61,Input,q,q,q,308,57
358,315bdafd,359,324176,324237,61,Input,q,q,q,309,57
359,315bdafd,360,324488,324582,94,Input,Space,Space, ,310,57
360,315bdafd,361,340105,340177,72,Nonproduction,Leftclick,Leftclick,NoChange,273,57
361,315bdafd,362,341525,341577,52,Nonproduction,Leftclick,Leftclick,NoChange,242,57
362,315bdafd,363,341805,341897,92,Nonproduction,Leftclick,Leftclick,NoChange,310,57
363,315bdafd,364,378719,378796,77,Input,Enter,Enter,"
",311,57
364,315bdafd,365,378918,378956,38,Input,Enter,Enter,"
",312,57
365,315bdafd,366,380360,380420,60,Input,q,q,q,313,58
366,315bdafd,367,381680,381820,140,Input,q,q,q,314,58
367,315bdafd,368,381912,381948,36,Input,q,q,q,315,58
368,315bdafd,369,382337,382412,75,Input,q,q,q,316,58
369,315bdafd,370,382577,382644,67,Input,Space,Space, ,317,58
370,315bdafd,371,383424,383564,140,Input,q,q,q,318,59
371,315bdafd,372,383656,383724,68,Input,q,q,q,319,59
372,315bdafd,373,383904,383964,60,Input,q,q,q,320,59
373,315bdafd,374,384408,384484,76,Input,q,q,q,321,59
374,315bdafd,375,384696,384756,60,Input,q,q,q,322,59
375,315bdafd,376,385201,385260,59,Input,q,q,q,323,59
376,315bdafd,377,385432,385548,116,Input,q,q,q,324,59
377,315bdafd,378,385608,385668,60,Input,Space,Space, ,325,59
378,315bdafd,379,386104,386252,148,Input,q,q,q,326,60
379,315bdafd,380,386312,386372,60,Input,q,q,q,327,60
380,315bdafd,381,386504,386564,60,Input,q,q,q,328,60
381,315bdafd,382,386792,386844,52,Input,Space,Space, ,329,60
382,315bdafd,383,388084,388141,57,Input,q,q,q,330,61
383,315bdafd,384,388497,388556,59,Input,q,q,q,331,61
384,315bdafd,385,388737,388836,99,Input,q,q,q,332,61
385,315bdafd,386,388937,388988,51,Input,q,q,q,333,61
386,315bdafd,387,389216,389268,52,Input,Space,Space, ,334,61
387,315bdafd,388,390088,390149,61,Input,q,q,q,335,62
388,315bdafd,389,390280,390396,116,Input,q,q,q,336,62
389,315bdafd,390,390449,390508,59,Input,Space,Space, ,337,62
390,315bdafd,391,390737,390805,68,Input,q,q,q,338,63
391,315bdafd,392,390952,391020,68,Input,q,q,q,339,63
392,315bdafd,393,391080,391204,124,Input,q,q,q,340,63
393,315bdafd,394,391342,391404,62,Input,Space,Space, ,341,63
394,315bdafd,395,393033,393092,59,Input,q,q,q,342,64
395,315bdafd,396,393296,393444,148,Input,q,q,q,343,64
396,315bdafd,397,393545,393596,51,Input,q,q,q,344,64
397,315bdafd,398,393736,393796,60,Input,q,q,q,345,64
398,315bdafd,399,393937,393988,51,Input,q,q,q,346,64
399,315bdafd,400,394472,394596,124,Input,q,q,q,347,64
400,315bdafd,401,394746,394876,130,Input,q,q,q,348,64
401,315bdafd,402,394984,395060,76,Input,Space,Space, ,349,64
402,315bdafd,403,395287,395452,165,Input,q,q,q,350,65
403,315bdafd,404,395489,395556,67,Input,q,q,q,351,65
404,315bdafd,405,395705,395764,59,Input,q,q,q,352,65
405,315bdafd,406,396009,396060,51,Input,Space,Space, ,353,65
406,315bdafd,407,399009,399172,163,Input,q,q,q,354,66
407,315bdafd,408,399240,399300,60,Input,q,q,q,355,66
408,315bdafd,409,399513,399564,51,Input,Space,Space, ,356,66
409,315bdafd,410,399753,399812,59,Input,q,q,q,357,67
410,315bdafd,411,399913,400060,147,Input,q,q,q,358,67
411,315bdafd,412,400201,400261,60,Input,q,q,q,359,67
412,315bdafd,413,400472,400516,44,Input,q,q,q,360,67
413,315bdafd,414,400729,400788,59,Input,Space,Space, ,361,67
414,315bdafd,415,401145,401213,68,Input,q,q,q,362,68
415,315bdafd,416,401377,401436,59,Input,q,q,q,363,68
416,315bdafd,417,401593,401676,83,Input,q,q,q,364,68
417,315bdafd,418,402033,402172,139,Input,q,q,q,365,68
418,315bdafd,419,402273,402324,51,Input,q,q,q,366,68
419,315bdafd,420,402513,402580,67,Input,Space,Space, ,367,68
420,315bdafd,421,402801,402964,163,Input,q,q,q,368,69
421,315bdafd,422,402942,402996,54,Input,q,q,q,369,69
422,315bdafd,423,403163,403228,65,Input,q,q,q,370,69
423,315bdafd,424,403433,403500,67,Input,Space,Space, ,371,69
424,315bdafd,425,408897,408972,75,Input,q,q,q,372,70
425,315bdafd,426,409209,409268,59,Input,q,q,q,373,70
426,315bdafd,427,409801,409869,68,Input,q,q,q,374,70
427,315bdafd,428,410331,410439,108,Input,q,q,q,375,70
428,315bdafd,429,410474,410524,50,Input,q,q,q,376,70
429,315bdafd,430,411002,411060,58,Input,q,q,q,377,70
430,315bdafd,431,411374,411444,70,Input,q,q,q,378,70
431,315bdafd,432,411569,411692,123,Input,q,q,q,379,70
432,315bdafd,433,411825,411932,107,Input,q,q,q,380,70
433,315bdafd,434,412041,412100,59,Input,Space,Space, ,381,70
434,315bdafd,435,412385,412532,147,Input,q,q,q,382,71
435,315bdafd,436,412609,412676,67,Input,q,q,q,383,71
436,315bdafd,437,412921,413028,107,Input,q,q,q,384,71
437,315bdafd,438,413071,413140,69,Input,Space,Space, ,385,71
438,315bdafd,439,413546,413605,59,Input,q,q,q,386,72
439,315bdafd,440,413833,413892,59,Input,Space,Space, ,387,72
440,315bdafd,441,414065,414204,139,Input,q,q,q,388,73
441,315bdafd,442,414433,414548,115,Input,q,q,q,389,73
442,315bdafd,443,415601,415645,44,Remove/Cut,Backspace,Backspace,q,388,73
443,315bdafd,444,415961,416012,51,Input,q,q,q,389,73
444,315bdafd,445,416185,416260,75,Input,q,q,q,390,73
445,315bdafd,446,416377,416444,67,Input,q,q,q,391,73
446,315bdafd,447,416705,416772,67,Input,Space,Space, ,392,73
447,315bdafd,448,417697,417740,43,Input,q,q,q,393,74
448,315bdafd,449,418105,418156,51,Input,q,q,q,394,74
449,315bdafd,450,418385,418444,59,Input,q,q,q,395,74
450,315bdafd,451,418617,418780,163,Input,q,q,q,396,74
451,315bdafd,452,419273,419332,59,Input,Space,Space, ,397,74
452,315bdafd,453,419745,419812,67,Input,q,q,q,398,75
453,315bdafd,454,420049,420100,51,Input,q,q,q,399,75
454,315bdafd,455,420305,420356,51,Input,Space,Space, ,400,75
455,315bdafd,456,422449,422508,59,Input,q,q,q,401,76
456,315bdafd,457,422732,422860,128,Input,q,q,q,402,76
457,315bdafd,458,423001,423140,139,Input,q,q,q,403,76
458,315bdafd,459,423681,423932,251,Input,q,q,q,404,76
459,315bdafd,460,423921,424060,139,Input,q,q,q,405,76
460,315bdafd,461,424639,424684,45,Input,Enter,Enter,"
",406,76
461,315bdafd,462,426247,426380,133,Input,Enter,Enter,"
",407,76
462,315bdafd,463,427969,428012,43,Input,q,q,q,408,76
463,315bdafd,464,428297,428348,51,Input,q,q,q,409,76
464,315bdafd,465,428633,428756,123,Input,q,q,q,410,76
465,315bdafd,466,429132,429230,98,Input,q,q,q,411,76
466,315bdafd,467,429418,429477,59,Input,Space,Space, ,412,76
467,315bdafd,468,429891,429950,59,Input,q,q,q,413,77
468,315bdafd,469,430242,430302,60,Input,Space,Space, ,414,77
469,315bdafd,470,431019,431102,83,Remove/Cut,Backspace,Backspace, ,413,77
470,315bdafd,471,431218,431366,148,Input,q,q,q,414,77
471,315bdafd,472,431507,431590,83,Input,Space,Space, ,415,77
472,315bdafd,473,431971,432038,67,Input,q,q,q,416,78
473,315bdafd,474,432203,432263,60,Input,q,q,q,417,78
474,315bdafd,475,432379,432526,147,Input,q,q,q,418,78
475,315bdafd,476,432581,432646,65,Input,Space,Space, ,419,78
476,315bdafd,477,453155,453221,66,Input,q,q,q,420,79
477,315bdafd,478,453355,453413,58,Input,q,q,q,421,79
478,315bdafd,479,453715,453797,82,Input,q,q,q,422,79
479,315bdafd,480,454011,454189,178,Input,q,q,q,423,79
480,315bdafd,481,454243,454301,58,Input,Space,Space, ,424,79
481,315bdafd,482,454795,454982,187,Input,q,q,q,425,80
482,315bdafd,483,455047,455102,55,Input,q,q,q,426,80
483,315bdafd,484,455315,455429,114,Input,q,q,q,427,80
484,315bdafd,485,455541,455597,56,Input,Space,Space, ,428,80
485,315bdafd,486,457475,457509,34,Input,q,q,q,429,81
486,315bdafd,487,457958,458013,55,Input,q,q,q,430,81
487,315bdafd,488,458253,458286,33,Input,q,q,q,431,81
488,315bdafd,489,458661,458710,49,Input,q,q,q,432,81
489,315bdafd,490,458875,458925,50,Input,q,q,q,433,81
490,315bdafd,491,459251,459301,50,Input,q,q,q,434,81
491,315bdafd,492,459435,459493,58,Input,Space,Space, ,435,81
492,315bdafd,493,460795,460853,58,Input,q,q,q,436,82
493,315bdafd,494,461003,461045,42,Input,q,q,q,437,82
494,315bdafd,495,461172,461325,153,Input,q,q,q,438,82
495,315bdafd,496,461420,461485,65,Input,q,q,q,439,82
496,315bdafd,497,461635,461757,122,Input,q,q,q,440,82
497,315bdafd,498,461867,461989,122,Input,q,q,q,441,82
498,315bdafd,499,462059,462126,67,Input,Space,Space, ,442,82
499,315bdafd,500,462323,462447,124,Input,q,q,q,443,83
500,315bdafd,501,462443,462493,50,Input,q,q,q,444,83
501,315bdafd,502,462643,462701,58,Input,q,q,q,445,83
502,315bdafd,503,462894,462965,71,Input,Space,Space, ,446,83
503,315bdafd,504,463219,463277,58,Input,q,q,q,447,84
504,315bdafd,505,463435,463557,122,Input,q,q,q,448,84
505,315bdafd,506,463611,463653,42,Input,q,q,q,449,84
506,315bdafd,507,463859,463909,50,Input,q,q,q,450,84
507,315bdafd,508,464083,464144,61,Input,Space,Space, ,451,84
508,315bdafd,509,466443,466510,67,Input,q,q,q,452,85
509,315bdafd,510,466651,466717,66,Input,q,q,q,453,85
510,315bdafd,511,466899,466973,74,Input,q,q,q,454,85
511,315bdafd,512,467099,467149,50,Input,q,q,q,455,85
512,315bdafd,513,467306,467382,76,Input,Space,Space, ,456,85
513,315bdafd,514,468435,468597,162,Input,q,q,q,457,86
514,315bdafd,515,468675,468733,58,Input,q,q,q,458,86
515,315bdafd,516,468875,469021,146,Input,q,q,q,459,86
516,315bdafd,517,469099,469133,34,Input,Space,Space, ,460,86
517,315bdafd,518,469539,469685,146,Input,q,q,q,461,87
518,315bdafd,519,469995,470061,66,Input,q,q,q,462,87
519,315bdafd,520,470211,470374,163,Input,q,q,q,463,87
520,315bdafd,521,470419,470478,59,Input,q,q,q,464,87
521,315bdafd,522,470716,470765,49,Input,q,q,q,465,87
522,315bdafd,523,470931,470997,66,Input,q,q,q,466,87
523,315bdafd,524,471835,471949,114,Remove/Cut,Backspace,Backspace,q,465,87
524,315bdafd,525,472742,472846,104,Input,Space,Space, ,466,87
525,315bdafd,526,473312,473389,77,Input,q,q,q,467,88
526,315bdafd,527,473499,473581,82,Input,q,q,q,468,88
527,315bdafd,528,473717,473869,152,Input,q,q,q,469,88
528,315bdafd,529,473892,473965,73,Input,Space,Space, ,470,88
529,315bdafd,530,475235,475389,154,Input,q,q,q,471,89
530,315bdafd,531,475444,475509,65,Input,q,q,q,472,89
531,315bdafd,532,475707,475765,58,Input,q,q,q,473,89
532,315bdafd,533,475963,476101,138,Input,q,q,q,474,89
533,315bdafd,534,476132,476197,65,Input,Space,Space, ,475,89
534,315bdafd,535,478195,478253,58,Input,q,q,q,476,90
535,315bdafd,536,478571,478726,155,Input,q,q,q,477,90
536,315bdafd,537,478795,478853,58,Input,q,q,q,478,90
537,315bdafd,538,479101,479133,32,Input,q,q,q,479,90
538,315bdafd,539,480091,480213,122,Remove/Cut,Backspace,Backspace,q,478,90
539,315bdafd,540,480499,480589,90,Input,q,q,q,479,90
540,315bdafd,541,480859,480941,82,Input,q,q,q,480,90
541,315bdafd,542,481155,481285,130,Input,q,q,q,481,90
542,315bdafd,543,482151,482197,46,Input,q,q,q,482,90
543,315bdafd,544,482296,482437,141,Input,q,q,q,483,90
544,315bdafd,545,482515,482581,66,Input,Space,Space, ,484,90
545,315bdafd,546,483579,483629,50,Input,.,.,.,485,90
546,315bdafd,547,483936,483989,53,Input,Enter,Enter,"
",486,90
547,315bdafd,548,484176,484245,69,Input,Enter,Enter,"
",487,90
548,315bdafd,549,485192,485309,117,Input,Enter,Enter,"
",488,90
549,315bdafd,550,486099,486205,106,Remove/Cut,Backspace,Backspace,"
",487,90
550,315bdafd,551,498202,498268,66,Input,q,q,q,488,91
551,315bdafd,552,498418,498460,42,Input,q,q,q,489,91
552,315bdafd,553,498586,498652,66,Input,q,q,q,490,91
553,315bdafd,554,498786,498836,50,Input,q,q,q,491,91
554,315bdafd,555,499170,499211,41,Input,q,q,q,492,91
555,315bdafd,556,500930,500988,58,Remove/Cut,Backspace,Backspace,q,491,91
556,315bdafd,557,501578,501620,42,Input,q,q,q,492,91
557,315bdafd,558,502001,502059,58,Input,q,q,q,493,91
558,315bdafd,559,503834,503900,66,Input,q,q,q,494,91
559,315bdafd,560,504290,504356,66,Input,q,q,q,495,91
560,315bdafd,561,504570,504742,172,Input,q,q,q,496,91
561,315bdafd,562,504802,504860,58,Input,q,q,q,497,91
562,315bdafd,563,505691,505804,113,Input,q,q,q,498,91
563,315bdafd,564,505986,506068,82,Input,Space,Space, ,499,91
564,315bdafd,565,508242,508760,518,Input,Space,Space, ,500,91
565,315bdafd,566,508760,508774,14,Input,Space,Space, ,501,91
566,315bdafd,567,508774,508802,28,Input,Space,Space, ,502,91
567,315bdafd,568,508802,508835,33,Input,Space,Space, ,503,91
568,315bdafd,569,508835,508868,33,Input,Space,Space, ,504,91
569,315bdafd,570,508868,508901,33,Input,Space,Space, ,505,91
570,315bdafd,571,508901,508934,33,Input,Space,Space, ,506,91
571,315bdafd,572,508934,508967,33,Input,Space,Space, ,507,91
572,315bdafd,573,508967,509002,35,Input,Space,Space, ,508,91
573,315bdafd,574,509002,509036,34,Input,Space,Space, ,509,91
574,315bdafd,575,509036,509068,32,Input,Space,Space, ,510,91
575,315bdafd,576,509068,509102,34,Input,Space,Space, ,511,91
576,315bdafd,577,509102,509132,30,Input,Space,Space, ,512,91
577,315bdafd,578,509132,509165,33,Input,Space,Space, ,513,91
578,315bdafd,579,509165,509198,33,Input,Space,Space, ,514,91
579,315bdafd,580,509198,509231,33,Input,Space,Space, ,515,91
580,315bdafd,581,509231,509264,33,Input,Space,Space, ,516,91
581,315bdafd,582,509264,509297,33,Input,Space,Space, ,517,91
582,315bdafd,583,509297,509333,36,Input,Space,Space, ,518,91
583,315bdafd,584,509333,509366,33,Input,Space,Space, ,519,91
584,315bdafd,585,509366,509399,33,Input,Space,Space, ,520,91
585,315bdafd,586,509399,509432,33,Input,Space,Space, ,521,91
586,315bdafd,587,509432,509465,33,Input,Space,Space, ,522,91
587,315bdafd,588,509465,509498,33,Input,Space,Space, ,523,91
588,315bdafd,589,509498,509531,33,Input,Space,Space, ,524,91
589,315bdafd,590,509531,509564,33,Input,Space,Space, ,525,91
590,315bdafd,591,509564,509597,33,Input,Space,Space, ,526,91
591,315bdafd,592,509597,509630,33,Input,Space,Space, ,527,91
592,315bdafd,593,509630,509664,34,Input,Space,Space, ,528,91
593,315bdafd,594,509664,509696,32,Input,Space,Space, ,529,91
594,315bdafd,595,509696,509729,33,Input,Space,Space, ,530,91
595,315bdafd,596,509729,509777,48,Input,Space,Space, ,531,91
596,315bdafd,597,509777,509799,22,Input,Space,Space, ,532,91
597,315bdafd,598,509799,509828,29,Input,Space,Space, ,533,91
598,315bdafd,599,509828,509862,34,Input,Space,Space, ,534,91
599,315bdafd,600,509862,509895,33,Input,Space,Space, ,535,91
600,315bdafd,601,509895,509926,31,Input,Space,Space, ,536,91
601,315bdafd,602,509926,509959,33,Input,Space,Space, ,537,91
602,315bdafd,603,509959,509990,31,Input,Space,Space, ,538,91
603,315bdafd,604,509990,510023,33,Input,Space,Space, ,539,91
604,315bdafd,605,510023,510056,33,Input,Space,Space, ,540,91
605,315bdafd,606,510056,510089,33,Input,Space,Space, ,541,91
606,315bdafd,607,510089,510123,34,Input,Space,Space, ,542,91
607,315bdafd,608,510123,510155,32,Input,Space,Space, ,543,91
608,315bdafd,609,510155,510188,33,Input,Space,Space, ,544,91
609,315bdafd,610,510188,510221,33,Input,Space,Space, ,545,91
610,315bdafd,611,510221,510254,33,Input,Space,Space, ,546,91
611,315bdafd,612,510254,510287,33,Input,Space,Space, ,547,91
612,315bdafd,613,510287,510320,33,Input,Space,Space, ,548,91
613,315bdafd,614,510320,510356,36,Input,Space,Space, ,549,91
614,315bdafd,615,510356,510389,33,Input,Space,Space, ,550,91
615,315bdafd,616,510389,510422,33,Input,Space,Space, ,551,91
616,315bdafd,617,510422,510455,33,Input,Space,Space, ,552,91
617,315bdafd,618,510455,510488,33,Input,Space,Space, ,553,91
618,315bdafd,619,510488,510520,32,Input,Space,Space, ,554,91
619,315bdafd,620,510520,510551,31,Input,Space,Space, ,555,91
620,315bdafd,621,510551,510584,33,Input,Space,Space, ,556,91
621,315bdafd,622,510584,510617,33,Input,Space,Space, ,557,91
622,315bdafd,623,510617,510650,33,Input,Space,Space, ,558,91
623,315bdafd,624,510650,510683,33,Input,Space,Space, ,559,91
624,315bdafd,625,510683,510719,36,Input,Space,Space, ,560,91
625,315bdafd,626,510719,510750,31,Input,Space,Space, ,561,91
626,315bdafd,627,510750,510782,32,Input,Space,Space, ,562,91
627,315bdafd,628,510782,510815,33,Input,Space,Space, ,563,91
628,315bdafd,629,510815,510848,33,Input,Space,Space, ,564,91
629,315bdafd,630,510848,510881,33,Input,Space,Space, ,565,91
630,315bdafd,631,510881,510914,33,Input,Space,Space, ,566,91
631,315bdafd,632,510914,510947,33,Input,Space,Space, ,567,91
632,315bdafd,633,510947,510984,37,Input,Space,Space, ,568,91
633,315bdafd,634,510984,511019,35,Input,Space,Space, ,569,91
634,315bdafd,635,511019,511050,31,Input,Space,Space, ,570,91
635,315bdafd,636,511050,511082,32,Input,Space,Space, ,571,91
636,315bdafd,637,511082,511112,30,Input,Space,Space, ,572,91
637,315bdafd,638,511112,511146,34,Input,Space,Space, ,573,91
638,315bdafd,639,511146,511178,32,Input,Space,Space, ,574,91
639,315bdafd,640,511178,511203,25,Input,Space,Space, ,575,91
640,315bdafd,641,519766,519916,150,Input,q,q,q,576,92
641,315bdafd,642,519923,519987,64,Input,q,q,q,577,92
642,315bdafd,643,520138,520187,49,Input,q,q,q,578,92
643,315bdafd,644,520367,520435,68,Input,Space,Space, ,579,92
644,315bdafd,645,520651,520699,48,Input,q,q,q,580,93
645,315bdafd,646,520828,520979,151,Input,q,q,q,581,93
646,315bdafd,647,520995,521043,48,Input,q,q,q,582,93
647,315bdafd,648,521290,521331,41,Input,q,q,q,583,93
648,315bdafd,649,521546,521587,41,Input,Space,Space, ,584,93
649,315bdafd,650,524402,524452,50,Input,q,q,q,585,94
650,315bdafd,651,524602,524651,49,Input,q,q,q,586,94
651,315bdafd,652,524874,524931,57,Input,q,q,q,587,94
652,315bdafd,653,525146,525203,57,Input,q,q,q,588,94
653,315bdafd,654,525391,525443,52,Input,q,q,q,589,94
654,315bdafd,655,525626,525693,67,Input,Space,Space, ,590,94
655,315bdafd,656,526818,526899,81,Input,q,q,q,591,95
656,315bdafd,657,527130,527196,66,Input,q,q,q,592,95
657,315bdafd,658,527642,527717,75,Input,Space,Space, ,593,95
658,315bdafd,659,528011,528059,48,Input,q,q,q,594,96
659,315bdafd,660,528218,528267,49,Input,q,q,q,595,96
660,315bdafd,661,528442,528595,153,Input,q,q,q,596,96
661,315bdafd,662,528762,528819,57,Input,q,q,q,597,96
662,315bdafd,663,529042,529083,41,Input,Space,Space, ,598,96
663,315bdafd,664,533650,533835,185,Remove/Cut,Backspace,Backspace, ,597,96
664,315bdafd,665,536898,536992,94,Nonproduction,Leftclick,Leftclick,NoChange,574,96
665,315bdafd,666,537762,538264,502,Remove/Cut,Backspace,Backspace, ,573,96
666,315bdafd,667,538264,538289,25,Remove/Cut,Backspace,Backspace, ,572,96
667,315bdafd,668,538289,538324,35,Remove/Cut,Backspace,Backspace, ,571,96
668,315bdafd,669,538324,538345,21,Remove/Cut,Backspace,Backspace, ,570,96
669,315bdafd,670,538345,538379,34,Remove/Cut,Backspace,Backspace, ,569,96
670,315bdafd,671,538379,538411,32,Remove/Cut,Backspace,Backspace, ,568,96
671,315bdafd,672,538411,538446,35,Remove/Cut,Backspace,Backspace, ,567,96
672,315bdafd,673,538446,538480,34,Remove/Cut,Backspace,Backspace, ,566,96
673,315bdafd,674,538480,538514,34,Remove/Cut,Backspace,Backspace, ,565,96
674,315bdafd,675,538514,538547,33,Remove/Cut,Backspace,Backspace, ,564,96
675,315bdafd,676,538547,538581,34,Remove/Cut,Backspace,Backspace, ,563,96
676,315bdafd,677,538581,538609,28,Remove/Cut,Backspace,Backspace, ,562,96
677,315bdafd,678,538609,538642,33,Remove/Cut,Backspace,Backspace, ,561,96
678,315bdafd,679,538642,538675,33,Remove/Cut,Backspace,Backspace, ,560,96
679,315bdafd,680,538675,538708,33,Remove/Cut,Backspace,Backspace, ,559,96
680,315bdafd,681,538708,538741,33,Remove/Cut,Backspace,Backspace, ,558,96
681,315bdafd,682,538741,538775,34,Remove/Cut,Backspace,Backspace, ,557,96
682,315bdafd,683,538775,538808,33,Remove/Cut,Backspace,Backspace, ,556,96
683,315bdafd,684,538808,538840,32,Remove/Cut,Backspace,Backspace, ,555,96
684,315bdafd,685,538840,538873,33,Remove/Cut,Backspace,Backspace, ,554,96
685,315bdafd,686,538873,538906,33,Remove/Cut,Backspace,Backspace, ,553,96
686,315bdafd,687,538906,538939,33,Remove/Cut,Backspace,Backspace, ,552,96
687,315bdafd,688,538939,538972,33,Remove/Cut,Backspace,Backspace, ,551,96
688,315bdafd,689,538972,539005,33,Remove/Cut,Backspace,Backspace, ,550,96
689,315bdafd,690,539005,539039,34,Remove/Cut,Backspace,Backspace, ,549,96
690,315bdafd,691,539039,539072,33,Remove/Cut,Backspace,Backspace, ,548,96
691,315bdafd,692,539072,539108,36,Remove/Cut,Backspace,Backspace, ,547,96
692,315bdafd,693,539108,539138,30,Remove/Cut,Backspace,Backspace, ,546,96
693,315bdafd,694,539138,539174,36,Remove/Cut,Backspace,Backspace, ,545,96
694,315bdafd,695,539174,539206,32,Remove/Cut,Backspace,Backspace, ,544,96
695,315bdafd,696,539206,539238,32,Remove/Cut,Backspace,Backspace, ,543,96
696,315bdafd,697,539238,539273,35,Remove/Cut,Backspace,Backspace, ,542,96
697,315bdafd,698,539273,539307,34,Remove/Cut,Backspace,Backspace, ,541,96
698,315bdafd,699,539307,539340,33,Remove/Cut,Backspace,Backspace, ,540,96
699,315bdafd,700,539340,539371,31,Remove/Cut,Backspace,Backspace, ,539,96
700,315bdafd,701,539371,539401,30,Remove/Cut,Backspace,Backspace, ,538,96
701,315bdafd,702,539401,539434,33,Remove/Cut,Backspace,Backspace, ,537,96
702,315bdafd,703,539434,539473,39,Remove/Cut,Backspace,Backspace, ,536,96
703,315bdafd,704,539473,539501,28,Remove/Cut,Backspace,Backspace, ,535,96
704,315bdafd,705,539501,539533,32,Remove/Cut,Backspace,Backspace, ,534,96
705,315bdafd,706,539533,539567,34,Remove/Cut,Backspace,Backspace, ,533,96
706,315bdafd,707,539567,539600,33,Remove/Cut,Backspace,Backspace, ,532,96
707,315bdafd,708,539600,539633,33,Remove/Cut,Backspace,Backspace, ,531,96
708,315bdafd,709,539633,539667,34,Remove/Cut,Backspace,Backspace, ,530,96
709,315bdafd,710,539667,539699,32,Remove/Cut,Backspace,Backspace, ,529,96
710,315bdafd,711,539699,539732,33,Remove/Cut,Backspace,Backspace, ,528,96
711,315bdafd,712,539732,539765,33,Remove/Cut,Backspace,Backspace, ,527,96
712,315bdafd,713,539765,539800,35,Remove/Cut,Backspace,Backspace, ,526,96
713,315bdafd,714,539800,539833,33,Remove/Cut,Backspace,Backspace, ,525,96
714,315bdafd,715,539833,539866,33,Remove/Cut,Backspace,Backspace, ,524,96
715,315bdafd,716,539866,539899,33,Remove/Cut,Backspace,Backspace, ,523,96
716,315bdafd,717,539899,539936,37,Remove/Cut,Backspace,Backspace, ,522,96
717,315bdafd,718,539936,539966,30,Remove/Cut,Backspace,Backspace, ,521,96
718,315bdafd,719,539966,539999,33,Remove/Cut,Backspace,Backspace, ,520,96
719,315bdafd,720,539999,540031,32,Remove/Cut,Backspace,Backspace, ,519,96
720,315bdafd,721,540031,540065,34,Remove/Cut,Backspace,Backspace, ,518,96
721,315bdafd,722,540065,540099,34,Remove/Cut,Backspace,Backspace, ,517,96
722,315bdafd,723,540099,540131,32,Remove/Cut,Backspace,Backspace, ,516,96
723,315bdafd,724,540131,540163,32,Remove/Cut,Backspace,Backspace, ,515,96
724,315bdafd,725,540163,540194,31,Remove/Cut,Backspace,Backspace, ,514,96
725,315bdafd,726,540194,540226,32,Remove/Cut,Backspace,Backspace, ,513,96
726,315bdafd,727,540226,540259,33,Remove/Cut,Backspace,Backspace, ,512,96
727,315bdafd,728,540259,540292,33,Remove/Cut,Backspace,Backspace, ,511,96
728,315bdafd,729,540292,540325,33,Remove/Cut,Backspace,Backspace, ,510,96
729,315bdafd,730,540325,540358,33,Remove/Cut,Backspace,Backspace, ,509,96
730,315bdafd,731,540358,540391,33,Remove/Cut,Backspace,Backspace, ,508,96
731,315bdafd,732,540391,540425,34,Remove/Cut,Backspace,Backspace, ,507,96
732,315bdafd,733,540425,540462,37,Remove/Cut,Backspace,Backspace, ,506,96
733,315bdafd,734,540462,540494,32,Remove/Cut,Backspace,Backspace, ,505,96
734,315bdafd,735,540494,540515,21,Remove/Cut,Backspace,Backspace, ,504,96
735,315bdafd,736,540802,540859,57,Remove/Cut,Backspace,Backspace, ,503,96
736,315bdafd,737,540986,541059,73,Remove/Cut,Backspace,Backspace, ,502,96
737,315bdafd,738,541173,541235,62,Remove/Cut,Backspace,Backspace, ,501,96
738,315bdafd,739,541346,541396,50,Remove/Cut,Backspace,Backspace, ,500,96
739,315bdafd,740,541514,541548,34,Remove/Cut,Backspace,Backspace, ,499,96
740,315bdafd,741,542903,543031,128,Nonproduction,Leftclick,Leftclick,NoChange,522,96
741,315bdafd,742,543979,544067,88,Input,Space,Space, ,523,96
742,315bdafd,743,544208,544308,100,Input,q,q,q,524,97
743,315bdafd,744,544490,544547,57,Input,q,q,q,525,97
744,315bdafd,745,544762,544843,81,Input,Space,Space, ,526,97
745,315bdafd,746,545263,545323,60,Input,q,q,q,527,98
746,315bdafd,747,545466,545515,49,Input,q,q,q,528,98
747,315bdafd,748,545778,545836,58,Input,q,q,q,529,98
748,315bdafd,749,546034,546067,33,Input,q,q,q,530,98
749,315bdafd,750,546346,546387,41,Input,q,q,q,531,98
750,315bdafd,751,546555,546587,32,Input,q,q,q,532,98
751,315bdafd,752,546746,546787,41,Input,q,q,q,533,98
752,315bdafd,753,546936,547067,131,Input,q,q,q,534,98
753,315bdafd,754,548967,549011,44,Input,Enter,Enter,"
",535,98
754,315bdafd,755,549559,549643,84,Input,Enter,Enter,"
",536,98
755,315bdafd,756,550530,550612,82,Input,q,q,q,537,98
756,315bdafd,757,550754,550827,73,Input,q,q,q,538,98
757,315bdafd,758,550954,551020,66,Input,q,q,q,539,98
758,315bdafd,759,551176,551227,51,Input,q,q,q,540,98
759,315bdafd,760,552915,553035,120,Input,q,q,q,541,98
760,315bdafd,761,553691,553747,56,Input,q,q,q,542,98
761,315bdafd,762,553947,554075,128,Input,q,q,q,543,98
762,315bdafd,763,554251,554299,48,Input,q,q,q,544,98
763,315bdafd,764,555111,555267,156,Input,q,q,q,545,98
764,315bdafd,765,555362,555435,73,Input,q,q,q,546,98
765,315bdafd,766,555626,555779,153,Input,q,q,q,547,98
766,315bdafd,767,555811,555899,88,Input,Space,Space, ,548,98
767,315bdafd,768,556274,556499,225,Input,q,q,q,549,99
768,315bdafd,769,556463,556540,77,Input,q,q,q,550,99
769,315bdafd,770,556690,556755,65,Input,q,q,q,551,99
770,315bdafd,771,556953,557011,58,Input,Space,Space, ,552,99
771,315bdafd,772,557219,557267,48,Input,q,q,q,553,100
772,315bdafd,773,557491,557619,128,Input,q,q,q,554,100
773,315bdafd,774,557667,557716,49,Input,q,q,q,555,100
774,315bdafd,775,557911,557963,52,Input,q,q,q,556,100
775,315bdafd,776,558187,558227,40,Input,Space,Space, ,557,100
776,315bdafd,777,565475,565603,128,Input,q,q,q,558,101
777,315bdafd,778,565714,565763,49,Input,q,q,q,559,101
778,315bdafd,779,566243,566275,32,Input,q,q,q,560,101
779,315bdafd,780,566407,566475,68,Input,q,q,q,561,101
780,315bdafd,781,566626,566747,121,Input,q,q,q,562,101
781,315bdafd,782,566882,566923,41,Input,q,q,q,563,101
782,315bdafd,783,567135,567195,60,Input,Space,Space, ,564,101
783,315bdafd,784,567498,567547,49,Input,q,q,q,565,102
784,315bdafd,785,567747,567859,112,Input,q,q,q,566,102
785,315bdafd,786,568026,568163,137,Input,q,q,q,567,102
786,315bdafd,787,568523,568683,160,Input,q,q,q,568,102
787,315bdafd,788,568906,569099,193,Input,q,q,q,569,102
788,315bdafd,789,569210,569291,81,Input,Space,Space, ,570,102
789,315bdafd,790,569563,569723,160,Input,q,q,q,571,103
790,315bdafd,791,569754,569819,65,Input,q,q,q,572,103
791,315bdafd,792,570181,570251,70,Input,q,q,q,573,103
792,315bdafd,793,570387,570451,64,Input,Space,Space, ,574,103
793,315bdafd,794,571154,571267,113,Input,q,q,q,575,104
794,315bdafd,795,571395,571467,72,Input,q,q,q,576,104
795,315bdafd,796,571786,571843,57,Input,q,q,q,577,104
796,315bdafd,797,574082,574139,57,Input,q,q,q,578,104
797,315bdafd,798,574274,574427,153,Input,q,q,q,579,104
798,315bdafd,799,574514,574555,41,Input,q,q,q,580,104
799,315bdafd,800,574810,574875,65,Input,Space,Space, ,581,104
800,315bdafd,801,581147,581283,136,Input,q,q,q,582,105
801,315bdafd,802,581442,581499,57,Input,q,q,q,583,105
802,315bdafd,803,581859,581891,32,Input,q,q,q,584,105
803,315bdafd,804,582310,582355,45,Input,q,q,q,585,105
804,315bdafd,805,582560,582603,43,Input,q,q,q,586,105
805,315bdafd,806,582779,582915,136,Input,q,q,q,587,105
806,315bdafd,807,584451,584547,96,Input,\,\,\,588,105
807,315bdafd,808,584675,584739,64,Input,\,\,\,589,105
808,315bdafd,809,585867,585923,56,Remove/Cut,Backspace,Backspace,\,588,105
809,315bdafd,810,586058,586131,73,Remove/Cut,Backspace,Backspace,\,587,105
810,315bdafd,811,586235,586307,72,Remove/Cut,Backspace,Backspace,q,586,105
811,315bdafd,812,587039,587107,68,Input,Enter,Enter,"
",587,105
812,315bdafd,813,587271,587315,44,Input,Enter,Enter,"
",588,105
813,315bdafd,814,587787,587835,48,Input,q,q,q,589,105
814,315bdafd,815,587995,588043,48,Input,q,q,q,590,105
815,315bdafd,816,588275,588395,120,Input,q,q,q,591,105
816,315bdafd,817,588499,588555,56,Input,q,q,q,592,105
817,315bdafd,818,589264,589315,51,Input,q,q,q,593,105
818,315bdafd,819,589579,589667,88,Input,q,q,q,594,105
819,315bdafd,820,589747,589819,72,Input,Space,Space, ,595,105
820,315bdafd,821,590290,590411,121,Input,q,q,q,596,106
821,315bdafd,822,590507,590603,96,Input,q,q,q,597,106
822,315bdafd,823,590875,590979,104,Input,q,q,q,598,106
823,315bdafd,824,591150,591212,62,Input,Space,Space, ,599,106
824,315bdafd,825,591787,591843,56,Input,q,q,q,600,107
825,315bdafd,826,592139,592371,232,Input,q,q,q,601,107
826,315bdafd,827,592411,592483,72,Input,q,q,q,602,107
827,315bdafd,828,592603,592755,152,Input,q,q,q,603,107
828,315bdafd,829,592875,592947,72,Input,Space,Space, ,604,107
829,315bdafd,830,593587,594078,491,Remove/Cut,Backspace,Backspace, ,603,107
830,315bdafd,831,594078,594111,33,Remove/Cut,Backspace,Backspace,q,602,107
831,315bdafd,832,594111,594140,29,Remove/Cut,Backspace,Backspace,q,601,107
832,315bdafd,833,594140,594173,33,Remove/Cut,Backspace,Backspace,q,600,107
833,315bdafd,834,594173,594214,41,Remove/Cut,Backspace,Backspace,q,599,106
834,315bdafd,835,594214,594243,29,Remove/Cut,Backspace,Backspace, ,598,106
835,315bdafd,836,594243,594279,36,Remove/Cut,Backspace,Backspace,q,597,106
836,315bdafd,837,594279,594309,30,Remove/Cut,Backspace,Backspace,q,596,106
837,315bdafd,838,594309,594343,34,Remove/Cut,Backspace,Backspace,q,595,105
838,315bdafd,839,594343,594362,19,Remove/Cut,Backspace,Backspace, ,594,105
839,315bdafd,840,594994,595099,105,Input,Space,Space, ,595,105
840,315bdafd,841,595427,595555,128,Input,q,q,q,596,106
841,315bdafd,842,595611,595683,72,Input,q,q,q,597,106
842,315bdafd,843,595883,596035,152,Input,q,q,q,598,106
843,315bdafd,844,596123,596180,57,Input,Space,Space, ,599,106
844,315bdafd,845,596571,596675,104,Input,q,q,q,600,107
845,315bdafd,846,596771,596836,65,Input,q,q,q,601,107
846,315bdafd,847,597067,597267,200,Input,q,q,q,602,107
847,315bdafd,848,597299,597379,80,Input,q,q,q,603,107
848,315bdafd,849,597539,597667,128,Input,q,q,q,604,107
849,315bdafd,850,597731,597787,56,Input,Space,Space, ,605,107
850,315bdafd,851,598131,598188,57,Input,q,q,q,606,108
851,315bdafd,852,598422,598491,69,Input,q,q,q,607,108
852,315bdafd,853,598747,598803,56,Input,Space,Space, ,608,108
853,315bdafd,854,599835,599859,24,Input,q,q,q,609,109
854,315bdafd,855,600283,600395,112,Remove/Cut,Backspace,Backspace,q,608,108
855,315bdafd,856,600619,600651,32,Input,q,q,q,609,109
856,315bdafd,857,601075,601203,128,Input,q,q,q,610,109
857,315bdafd,858,601276,601355,79,Input,q,q,q,611,109
858,315bdafd,859,601587,601619,32,Input,q,q,q,612,109
859,315bdafd,860,602122,602203,81,Remove/Cut,Backspace,Backspace,q,611,109
860,315bdafd,861,602531,602595,64,Input,q,q,q,612,109
861,315bdafd,862,602891,602955,64,Input,q,q,q,613,109
862,315bdafd,863,603401,603507,106,Input,q,q,q,614,109
863,315bdafd,864,603571,603667,96,Input,q,q,q,615,109
864,315bdafd,865,603851,604003,152,Input,q,q,q,616,109
865,315bdafd,866,604075,604155,80,Input,Space,Space, ,617,109
866,315bdafd,867,628451,628595,144,Input,q,q,q,618,110
867,315bdafd,868,628661,628747,86,Input,q,q,q,619,110
868,315bdafd,869,628995,629115,120,Input,q,q,q,620,110
869,315bdafd,870,629147,629219,72,Input,Space,Space, ,621,110
870,315bdafd,871,630563,630635,72,Input,q,q,q,622,111
871,315bdafd,872,630771,630859,88,Input,q,q,q,623,111
872,315bdafd,873,631019,631091,72,Input,q,q,q,624,111
873,315bdafd,874,631255,631331,76,Input,q,q,q,625,111
874,315bdafd,875,631564,631635,71,Input,q,q,q,626,111
875,315bdafd,876,631779,631867,88,Input,q,q,q,627,111
876,315bdafd,877,632027,632108,81,Input,q,q,q,628,111
877,315bdafd,878,632371,632411,40,Input,Space,Space, ,629,111
878,315bdafd,879,633775,633859,84,Input,Enter,Enter,"
",630,111
879,315bdafd,880,633983,634043,60,Input,Enter,Enter,"
",631,111
880,315bdafd,881,634160,634219,59,Input,Enter,Enter,"
",632,111
881,315bdafd,882,635019,635083,64,Input,q,q,q,633,112
882,315bdafd,883,635286,635419,133,Input,q,q,q,634,112
883,315bdafd,884,635523,635635,112,Input,q,q,q,635,112
884,315bdafd,885,636187,636299,112,Input,q,q,q,636,112
885,315bdafd,886,636459,636531,72,Input,q,q,q,637,112
886,315bdafd,887,636707,636787,80,Input,Space,Space, ,638,112
887,315bdafd,888,637203,637371,168,Input,q,q,q,639,113
888,315bdafd,889,637235,637275,40,Input,q,q,q,640,113
889,315bdafd,890,637651,637715,64,Input,q,q,q,641,113
890,315bdafd,891,637980,638035,55,Input,Space,Space, ,642,113
891,315bdafd,892,638620,638675,55,Input,q,q,q,643,114
892,315bdafd,893,638836,638971,135,Input,q,q,q,644,114
893,315bdafd,894,639075,639107,32,Input,q,q,q,645,114
894,315bdafd,895,639420,639468,48,Input,q,q,q,646,114
895,315bdafd,896,639683,639731,48,Input,Space,Space, ,647,114
896,315bdafd,897,641044,641107,63,Input,q,q,q,648,115
897,315bdafd,898,641276,641347,71,Input,q,q,q,649,115
898,315bdafd,899,641523,641587,64,Input,q,q,q,650,115
899,315bdafd,900,641949,642067,118,Input,q,q,q,651,115
900,315bdafd,901,642182,642234,52,Input,q,q,q,652,115
901,315bdafd,902,642735,642811,76,Input,q,q,q,653,115
902,315bdafd,903,642923,643075,152,Input,q,q,q,654,115
903,315bdafd,904,643203,643275,72,Input,q,q,q,655,115
904,315bdafd,905,643756,643859,103,Input,q,q,q,656,115
905,315bdafd,906,644003,644091,88,Input,Space,Space, ,657,115
906,315bdafd,907,644316,644387,71,Input,q,q,q,658,116
907,315bdafd,908,644540,644603,63,Input,q,q,q,659,116
908,315bdafd,909,644765,644835,70,Input,Space,Space, ,660,116
909,315bdafd,910,645470,645555,85,Input,q,q,q,661,117
910,315bdafd,911,645708,645779,71,Input,q,q,q,662,117
911,315bdafd,912,646028,646091,63,Input,q,q,q,663,117
912,315bdafd,913,646291,646363,72,Input,Space,Space, ,664,117
913,315bdafd,914,646739,646819,80,Input,q,q,q,665,118
914,315bdafd,915,647003,647059,56,Input,q,q,q,666,118
915,315bdafd,916,647324,647395,71,Input,q,q,q,667,118
916,315bdafd,917,647563,647643,80,Input,q,q,q,668,118
917,315bdafd,918,647739,647795,56,Input,Space,Space, ,669,118
918,315bdafd,919,648292,648363,71,Input,q,q,q,670,119
919,315bdafd,920,648588,648683,95,Input,q,q,q,671,119
920,315bdafd,921,649020,649091,71,Input,q,q,q,672,119
921,315bdafd,922,649215,649363,148,Input,q,q,q,673,119
922,315bdafd,923,649580,649651,71,Input,q,q,q,674,119
923,315bdafd,924,649749,649867,118,Input,q,q,q,675,119
924,315bdafd,925,649979,650101,122,Input,q,q,q,676,119
925,315bdafd,926,650180,650267,87,Input,Space,Space, ,677,119
926,315bdafd,927,650484,650547,63,Input,q,q,q,678,120
927,315bdafd,928,650692,650779,87,Input,q,q,q,679,120
928,315bdafd,929,650868,650995,127,Input,q,q,q,680,120
929,315bdafd,930,651052,651116,64,Input,Space,Space, ,681,120
930,315bdafd,931,652468,652595,127,Input,q,q,q,682,121
931,315bdafd,932,652707,652771,64,Input,q,q,q,683,121
932,315bdafd,933,653243,653323,80,Input,q,q,q,684,121
933,315bdafd,934,653443,653563,120,Input,q,q,q,685,121
934,315bdafd,935,653627,653699,72,Input,Space,Space, ,686,121
935,315bdafd,936,653931,654011,80,Input,q,q,q,687,122
936,315bdafd,937,654379,654483,104,Input,q,q,q,688,122
937,315bdafd,938,654571,654643,72,Input,q,q,q,689,122
938,315bdafd,939,654795,654875,80,Input,q,q,q,690,122
939,315bdafd,940,655019,655091,72,Input,q,q,q,691,122
940,315bdafd,941,655299,655403,104,Input,q,q,q,692,122
941,315bdafd,942,655548,655651,103,Input,q,q,q,693,122
942,315bdafd,943,655771,655843,72,Input,Space,Space, ,694,122
943,315bdafd,944,656039,656163,124,Input,q,q,q,695,123
944,315bdafd,945,656221,656283,62,Input,q,q,q,696,123
945,315bdafd,946,656420,656483,63,Input,q,q,q,697,123
946,315bdafd,947,656708,656787,79,Input,Space,Space, ,698,123
947,315bdafd,948,656987,657051,64,Input,q,q,q,699,124
948,315bdafd,949,657204,657315,111,Input,q,q,q,700,124
949,315bdafd,950,657372,657435,63,Input,q,q,q,701,124
950,315bdafd,951,657603,657659,56,Input,q,q,q,702,124
951,315bdafd,952,657843,657931,88,Input,Space,Space, ,703,124
952,315bdafd,953,660836,660899,63,Input,q,q,q,704,125
953,315bdafd,954,661172,661331,159,Input,q,q,q,705,125
954,315bdafd,955,661379,661435,56,Input,q,q,q,706,125
955,315bdafd,956,661605,661675,70,Input,q,q,q,707,125
956,315bdafd,957,661796,661835,39,Input,q,q,q,708,125
957,315bdafd,958,662225,662283,58,Input,q,q,q,709,125
958,315bdafd,959,663796,663915,119,Input,q,q,q,710,125
959,315bdafd,960,664035,664115,80,Input,q,q,q,711,125
960,315bdafd,961,664396,664443,47,Input,q,q,q,712,125
961,315bdafd,962,664643,664716,73,Input,Space,Space, ,713,125
962,315bdafd,963,664907,665050,143,Input,q,q,q,714,126
963,315bdafd,964,665133,665219,86,Input,q,q,q,715,126
964,315bdafd,965,665404,665547,143,Input,q,q,q,716,126
965,315bdafd,966,665588,665667,79,Input,Space,Space, ,717,126
966,315bdafd,967,667484,667627,143,Input,q,q,q,718,127
967,315bdafd,968,667908,668083,175,Input,q,q,q,719,127
968,315bdafd,969,668220,668395,175,Input,q,q,q,720,127
969,315bdafd,970,668596,668683,87,Input,q,q,q,721,127
970,315bdafd,971,668803,668915,112,Input,q,q,q,722,127
971,315bdafd,972,669019,669131,112,Input,q,q,q,723,127
972,315bdafd,973,669288,669370,82,Input,Space,Space, ,724,127
973,315bdafd,974,671131,671226,95,Input,q,q,q,725,128
974,315bdafd,975,671363,671466,103,Input,q,q,q,726,128
975,315bdafd,976,671691,671738,47,Input,q,q,q,727,128
976,315bdafd,977,672019,672131,112,Input,q,q,q,728,128
977,315bdafd,978,673355,673458,103,Input,Space,Space, ,729,128
978,315bdafd,979,673883,673946,63,Input,q,q,q,730,129
979,315bdafd,980,674091,674154,63,Input,q,q,q,731,129
980,315bdafd,981,674267,674378,111,Input,q,q,q,732,129
981,315bdafd,982,674412,674474,62,Input,Space,Space, ,733,129
982,315bdafd,983,674755,674818,63,Input,q,q,q,734,130
983,315bdafd,984,675715,675794,79,Input,q,q,q,735,130
984,315bdafd,985,676003,676083,80,Input,q,q,q,736,130
985,315bdafd,986,676211,676330,119,Input,q,q,q,737,130
986,315bdafd,987,676459,676578,119,Input,q,q,q,738,130
987,315bdafd,988,676636,676722,86,Input,Space,Space, ,739,130
988,315bdafd,989,677035,677106,71,Input,q,q,q,740,131
989,315bdafd,990,677267,677338,71,Input,q,q,q,741,131
990,315bdafd,991,677483,677562,79,Input,Space,Space, ,742,131
991,315bdafd,992,678339,678403,64,Input,q,q,q,743,132
992,315bdafd,993,678627,678690,63,Input,q,q,q,744,132
993,315bdafd,994,678803,678898,95,Input,q,q,q,745,132
994,315bdafd,995,679019,679090,71,Input,q,q,q,746,132
995,315bdafd,996,679219,679330,111,Input,q,q,q,747,132
996,315bdafd,997,679377,679450,73,Input,Space,Space, ,748,132
997,315bdafd,998,679748,679890,142,Input,q,q,q,749,133
998,315bdafd,999,680003,680058,55,Input,q,q,q,750,133
999,315bdafd,1000,680235,680346,111,Input,q,q,q,751,133
1000,315bdafd,1001,680443,680514,71,Input,Space,Space, ,752,133
1001,315bdafd,1002,681316,681394,78,Input,q,q,q,753,134
1002,315bdafd,1003,681555,681634,79,Input,q,q,q,754,134
1003,315bdafd,1004,681867,681922,55,Input,q,q,q,755,134
1004,315bdafd,1005,682891,682970,79,Input,q,q,q,756,134
1005,315bdafd,1006,683132,683186,54,Input,q,q,q,757,134
1006,315bdafd,1007,683372,683506,134,Input,q,q,q,758,134
1007,315bdafd,1008,683611,683674,63,Input,Space,Space, ,759,134
1008,315bdafd,1009,692628,692674,46,Input,.,.,.,760,134
1009,315bdafd,1010,692836,692890,54,Input,Space,Space, ,761,134
1010,315bdafd,1011,693412,693530,118,Input,q,q,q,762,135
1011,315bdafd,1012,694123,694218,95,Remove/Cut,Backspace,Backspace,q,761,134
1012,315bdafd,1013,694587,694682,95,Input,q,q,q,762,135
1013,315bdafd,1014,694811,694875,64,Input,q,q,q,763,135
1014,315bdafd,1015,695267,695402,135,Input,q,q,q,764,135
1015,315bdafd,1016,696219,696290,71,Input,q,q,q,765,135
1016,315bdafd,1017,696363,696474,111,Input,q,q,q,766,135
1017,315bdafd,1018,696587,696690,103,Input,Space,Space, ,767,135
1018,315bdafd,1019,696868,697018,150,Input,q,q,q,768,136
1019,315bdafd,1020,697083,697170,87,Input,q,q,q,769,136
1020,315bdafd,1021,697292,697362,70,Input,q,q,q,770,136
1021,315bdafd,1022,697572,697634,62,Input,Space,Space, ,771,136
1022,315bdafd,1023,699198,699322,124,Input,q,q,q,772,137
1023,315bdafd,1024,699499,699546,47,Input,q,q,q,773,137
1024,315bdafd,1025,699727,699802,75,Input,q,q,q,774,137
1025,315bdafd,1026,699971,700058,87,Input,q,q,q,775,137
1026,315bdafd,1027,700132,700186,54,Input,Space,Space, ,776,137
1027,315bdafd,1028,701036,701146,110,Input,q,q,q,777,138
1028,315bdafd,1029,701283,701418,135,Input,q,q,q,778,138
1029,315bdafd,1030,701507,701586,79,Input,q,q,q,779,138
1030,315bdafd,1031,701764,701834,70,Input,Space,Space, ,780,138
1031,315bdafd,1032,702491,702555,64,Input,q,q,q,781,139
1032,315bdafd,1033,702748,702866,118,Input,q,q,q,782,139
1033,315bdafd,1034,703259,703410,151,Remove/Cut,Backspace,Backspace,q,781,139
1034,315bdafd,1035,703547,703674,127,Input,q,q,q,782,139
1035,315bdafd,1036,703739,703810,71,Input,Space,Space, ,783,139
1036,315bdafd,1037,704491,704610,119,Input,q,q,q,784,140
1037,315bdafd,1038,704700,704779,79,Input,Space,Space, ,785,140
1038,315bdafd,1039,707477,707554,77,Input,q,q,q,786,141
1039,315bdafd,1040,707624,707802,178,Input,q,q,q,787,141
1040,315bdafd,1041,707796,707882,86,Input,q,q,q,788,141
1041,315bdafd,1042,708102,708234,132,Input,q,q,q,789,141
1042,315bdafd,1043,708356,708474,118,Input,q,q,q,790,141
1043,315bdafd,1044,708636,708730,94,Input,q,q,q,791,141
1044,315bdafd,1045,708867,708986,119,Input,q,q,q,792,141
1045,315bdafd,1046,709124,709194,70,Input,q,q,q,793,141
1046,315bdafd,1047,709371,709418,47,Input,Space,Space, ,794,141
1047,315bdafd,1048,727037,727142,105,Nonproduction,Leftclick,Leftclick,NoChange,534,141
1048,315bdafd,1049,727964,728106,142,Input,Space,Space, ,535,142
1049,315bdafd,1050,729077,729122,45,Input,.,.,.,536,142
1050,315bdafd,1051,729308,729354,46,Input,Space,Space, ,537,142
1051,315bdafd,1052,729708,729754,46,Input,q,q,q,538,142
1052,315bdafd,1053,729908,729962,54,Input,q,q,q,539,142
1053,315bdafd,1054,730084,730195,111,Input,q,q,q,540,142
1054,315bdafd,1055,730251,730298,47,Input,Space,Space, ,541,143
1055,315bdafd,1056,731172,731290,118,Input,q,q,q,542,143
1056,315bdafd,1057,731455,731514,59,Input,q,q,q,543,143
1057,315bdafd,1058,732276,732378,102,Input,q,q,q,544,143
1058,315bdafd,1059,732460,732538,78,Input,Space,Space, ,545,144
1059,315bdafd,1060,733420,733458,38,Input,q,q,q,546,144
1060,315bdafd,1061,733820,733858,38,Input,q,q,q,547,144
1061,315bdafd,1062,734508,734538,30,Input,q,q,q,548,144
1062,315bdafd,1063,734828,734890,62,Input,Space,Space, ,549,145
1063,315bdafd,1064,738525,738682,157,Input,q,q,q,550,145
1064,315bdafd,1065,738788,739002,214,Input,q,q,q,551,145
1065,315bdafd,1066,739037,739106,69,Input,q,q,q,552,145
1066,315bdafd,1067,739332,739426,94,Input,q,q,q,553,145
1067,315bdafd,1068,739684,739826,142,Input,q,q,q,554,145
1068,315bdafd,1069,740144,740194,50,Input,q,q,q,555,145
1069,315bdafd,1070,742024,742114,90,Remove/Cut,Backspace,Backspace,q,554,145
1070,315bdafd,1071,742548,742722,174,Input,q,q,q,555,145
1071,315bdafd,1072,742837,742914,77,Input,q,q,q,556,145
1072,315bdafd,1073,743173,743242,69,Input,q,q,q,557,145
1073,315bdafd,1074,743453,743570,117,Input,q,q,q,558,145
1074,315bdafd,1075,743692,743826,134,Input,q,q,q,559,145
1075,315bdafd,1076,743861,743938,77,Input,Space,Space, ,560,146
1076,315bdafd,1077,744744,744818,74,Input,q,q,q,561,146
1077,315bdafd,1078,744941,745026,85,Input,q,q,q,562,146
1078,315bdafd,1079,745148,745226,78,Input,Space,Space, ,563,147
1079,315bdafd,1080,745492,745546,54,Input,q,q,q,564,147
1080,315bdafd,1081,745708,745770,62,Input,q,q,q,565,147
1081,315bdafd,1082,746052,746107,55,Input,q,q,q,566,147
1082,315bdafd,1083,746228,746346,118,Input,q,q,q,567,147
1083,315bdafd,1084,747020,747130,110,Input,q,q,q,568,147
1084,315bdafd,1085,747181,747266,85,Input,Space,Space, ,569,148
1085,315bdafd,1086,747541,747658,117,Input,q,q,q,570,148
1086,315bdafd,1087,747748,747818,70,Input,q,q,q,571,148
1087,315bdafd,1088,748060,748162,102,Input,q,q,q,572,148
1088,315bdafd,1089,748214,748298,84,Input,Space,Space, ,573,149
1089,315bdafd,1090,749720,749810,90,Input,q,q,q,574,149
1090,315bdafd,1091,749935,750034,99,Input,q,q,q,575,149
1091,315bdafd,1092,750388,750506,118,Input,q,q,q,576,149
1092,315bdafd,1093,750668,750786,118,Input,q,q,q,577,149
1093,315bdafd,1094,750868,750946,78,Input,Space,Space, ,578,150
1094,315bdafd,1095,751316,751394,78,Input,q,q,q,579,150
1095,315bdafd,1096,751572,751674,102,Input,q,q,q,580,150
1096,315bdafd,1097,751940,752082,142,Input,q,q,q,581,150
1097,315bdafd,1098,752164,752258,94,Input,q,q,q,582,150
1098,315bdafd,1099,752412,752482,70,Input,q,q,q,583,150
1099,315bdafd,1100,752684,752762,78,Input,q,q,q,584,150
1100,315bdafd,1101,753340,753402,62,Input,q,q,q,585,150
1101,315bdafd,1102,753844,753883,39,Input,q,q,q,586,150
1102,315bdafd,1103,754068,754122,54,Input,q,q,q,587,150
1103,315bdafd,1104,754296,754362,66,Input,Space,Space, ,588,151
1104,315bdafd,1105,754556,754610,54,Input,q,q,q,589,151
1105,315bdafd,1106,754780,754835,55,Input,q,q,q,590,151
1106,315bdafd,1107,755004,755090,86,Input,Space,Space, ,591,152
1107,315bdafd,1108,755532,755602,70,Input,q,q,q,592,152
1108,315bdafd,1109,755692,755842,150,Input,q,q,q,593,152
1109,315bdafd,1110,756052,756138,86,Input,q,q,q,594,152
1110,315bdafd,1111,756332,756418,86,Input,Space,Space, ,595,153
1111,315bdafd,1112,756580,756634,54,Input,q,q,q,596,153
1112,315bdafd,1113,756948,757010,62,Input,q,q,q,597,153
1113,315bdafd,1114,757213,757282,69,Input,Space,Space, ,598,154
1114,315bdafd,1115,757540,757602,62,Input,q,q,q,599,154
1115,315bdafd,1116,757709,757858,149,Input,q,q,q,600,154
1116,315bdafd,1117,757925,757970,45,Input,q,q,q,601,154
1117,315bdafd,1118,758181,758258,77,Input,Space,Space, ,602,155
1118,315bdafd,1119,758708,758762,54,Input,q,q,q,603,155
1119,315bdafd,1120,758948,758978,30,Input,q,q,q,604,155
1120,315bdafd,1121,759294,759338,44,Input,q,q,q,605,155
1121,315bdafd,1122,759500,759570,70,Input,q,q,q,606,155
1122,315bdafd,1123,759765,759834,69,Input,Space,Space, ,607,156
1123,315bdafd,1124,760653,760786,133,Input,q,q,q,608,156
1124,315bdafd,1125,760837,760898,61,Input,q,q,q,609,156
1125,315bdafd,1126,761756,761810,54,Input,q,q,q,610,156
1126,315bdafd,1127,762501,762546,45,Input,q,q,q,611,156
1127,315bdafd,1128,763396,763514,118,Input,q,q,q,612,156
1128,315bdafd,1129,763620,763746,126,Input,q,q,q,613,156
1129,315bdafd,1130,768229,768346,117,Input,Space,Space, ,614,157
1130,315bdafd,1131,769460,769530,70,Input,q,q,q,615,157
1131,315bdafd,1132,769941,770181,240,Input,q,q,q,616,157
1132,315bdafd,1133,770157,770290,133,Input,q,q,q,617,157
1133,315bdafd,1134,770509,770610,101,Input,q,q,q,618,157
1134,315bdafd,1135,771200,771354,154,Input,Space,Space, ,619,158
1135,315bdafd,1136,771533,771778,245,Input,q,q,q,620,158
1136,315bdafd,1137,771797,772001,204,Input,q,q,q,621,158
1137,315bdafd,1138,771997,772122,125,Input,q,q,q,622,158
1138,315bdafd,1139,772325,772466,141,Input,Space,Space, ,623,159
1139,315bdafd,1140,772708,772858,150,Input,q,q,q,624,159
1140,315bdafd,1141,773247,773498,251,Input,q,q,q,625,159
1141,315bdafd,1142,773526,773610,84,Input,q,q,q,626,159
1142,315bdafd,1143,773820,773930,110,Input,q,q,q,627,159
1143,315bdafd,1144,774113,774258,145,Input,Space,Space, ,628,160
1144,315bdafd,1145,774621,774674,53,Input,q,q,q,629,160
1145,315bdafd,1146,774884,775010,126,Input,q,q,q,630,160
1146,315bdafd,1147,776261,776386,125,Remove/Cut,Backspace,Backspace,q,629,160
1147,315bdafd,1148,777525,777594,69,Input,q,q,q,630,160
1148,315bdafd,1149,777924,777994,70,Input,q,q,q,631,160
1149,315bdafd,1150,778165,778274,109,Input,q,q,q,632,160
1150,315bdafd,1151,778596,778682,86,Input,Space,Space, ,633,161
1151,315bdafd,1152,780883,780954,71,Input,q,q,q,634,161
1152,315bdafd,1153,781205,781290,85,Input,q,q,q,635,161
1153,315bdafd,1154,781429,781482,53,Input,q,q,q,636,161
1154,315bdafd,1155,781612,781738,126,Input,q,q,q,637,161
1155,315bdafd,1156,781852,781978,126,Input,q,q,q,638,161
1156,315bdafd,1157,782065,782130,65,Input,Space,Space, ,639,162
1157,315bdafd,1158,791982,792051,69,Input,.,.,.,640,162
1158,315bdafd,1159,792197,792266,69,Input,Space,Space, ,641,162
1159,315bdafd,1160,794229,794290,61,Input,q,q,q,642,162
1160,315bdafd,1161,794461,794538,77,Input,Space,Space, ,643,163
1161,315bdafd,1162,794773,794906,133,Input,q,q,q,644,163
1162,315bdafd,1163,795045,795098,53,Input,q,q,q,645,163
1163,315bdafd,1164,795296,795354,58,Input,q,q,q,646,163
1164,315bdafd,1165,795464,795530,66,Input,q,q,q,647,163
1165,315bdafd,1166,795701,795770,69,Input,Space,Space, ,648,164
1166,315bdafd,1167,796072,796146,74,Input,q,q,q,649,164
1167,315bdafd,1168,796341,796426,85,Input,q,q,q,650,164
1168,315bdafd,1169,796620,796713,93,Input,Space,Space, ,651,165
1169,315bdafd,1170,798230,798281,51,Input,q,q,q,652,165
1170,315bdafd,1171,798452,798601,149,Input,q,q,q,653,165
1171,315bdafd,1172,798726,798770,44,Input,q,q,q,654,165
1172,315bdafd,1173,798901,798946,45,Input,q,q,q,655,165
1173,315bdafd,1174,799349,799394,45,Input,q,q,q,656,165
1174,315bdafd,1175,799572,799642,70,Input,Space,Space, ,657,166
1175,315bdafd,1176,800085,800180,95,Input,q,q,q,658,166
1176,315bdafd,1177,800298,800313,15,Input,q,q,q,659,166
1177,315bdafd,1178,800573,800610,37,Input,Space,Space, ,660,167
1178,315bdafd,1179,801476,801634,158,Input,q,q,q,661,167
1179,315bdafd,1180,809213,809361,148,Input,q,q,q,662,167
1180,315bdafd,1181,809493,809561,68,Input,q,q,q,663,167
1181,315bdafd,1182,809757,809818,61,Input,Space,Space, ,664,168
1182,315bdafd,1183,810421,810481,60,Input,q,q,q,665,168
1183,315bdafd,1184,810693,810753,60,Input,q,q,q,666,168
1184,315bdafd,1185,811025,811097,72,Input,q,q,q,667,168
1185,315bdafd,1186,811293,811418,125,Input,q,q,q,668,168
1186,315bdafd,1187,811467,811537,70,Input,Space,Space, ,669,169
1187,315bdafd,1188,811728,811873,145,Input,q,q,q,670,169
1188,315bdafd,1189,811941,811985,44,Input,q,q,q,671,169
1189,315bdafd,1190,812197,812329,132,Input,q,q,q,672,169
1190,315bdafd,1191,812933,812969,36,Input,q,q,q,673,169
1191,315bdafd,1192,813283,813378,95,Input,q,q,q,674,169
1192,315bdafd,1193,813789,813865,76,Input,q,q,q,675,169
1193,315bdafd,1194,814285,814394,109,Input,q,q,q,676,169
1194,315bdafd,1195,816968,817066,98,Remove/Cut,Backspace,Backspace,q,675,169
1195,315bdafd,1196,817461,817545,84,Remove/Cut,Backspace,Backspace,q,674,169
1196,315bdafd,1197,817677,817714,37,Remove/Cut,Backspace,Backspace,q,673,169
1197,315bdafd,1198,818042,818101,59,Remove/Cut,Backspace,Backspace,q,672,169
1198,315bdafd,1199,818245,818313,68,Remove/Cut,Backspace,Backspace,q,671,169
1199,315bdafd,1200,819573,819657,84,Input,q,q,q,672,169
1200,315bdafd,1201,819773,819849,76,Input,q,q,q,673,169
1201,315bdafd,1202,820013,820081,68,Input,Space,Space, ,674,170
1202,315bdafd,1203,821141,821177,36,Remove/Cut,Backspace,Backspace, ,673,169
1203,315bdafd,1204,821325,821369,44,Remove/Cut,Backspace,Backspace,q,672,169
1204,315bdafd,1205,821485,821529,44,Remove/Cut,Backspace,Backspace,q,671,169
1205,315bdafd,1206,822357,822377,20,Input,q,q,q,672,169
1206,315bdafd,1207,822765,822841,76,Input,q,q,q,673,169
1207,315bdafd,1208,822998,823057,59,Input,q,q,q,674,169
1208,315bdafd,1209,889518,889593,75,Input,.,.,.,675,169
1209,315bdafd,1210,889750,889809,59,Input,Space,Space, ,676,170
1210,315bdafd,1211,890558,890716,158,Input,q,q,q,677,170
1211,315bdafd,1212,890710,890792,82,Input,q,q,q,678,170
1212,315bdafd,1213,890922,891068,146,Input,q,q,q,679,170
1213,315bdafd,1214,891062,891169,107,Input,Space,Space, ,680,171
1214,315bdafd,1215,891762,891945,183,Input,q,q,q,681,171
1215,315bdafd,1216,892022,892114,92,Input,q,q,q,682,171
1216,315bdafd,1217,892247,892305,58,Input,q,q,q,683,171
1217,315bdafd,1218,907782,907849,67,Input,q,q,q,684,171
1218,315bdafd,1219,907998,908057,59,Input,q,q,q,685,171
1219,315bdafd,1220,909095,909185,90,Remove/Cut,Backspace,Backspace,q,684,171
1220,315bdafd,1221,909302,909369,67,Remove/Cut,Backspace,Backspace,q,683,171
1221,315bdafd,1222,909648,909801,153,Input,Space,Space, ,684,172
1222,315bdafd,1223,910822,910889,67,Input,q,q,q,685,172
1223,315bdafd,1224,911062,911161,99,Input,q,q,q,686,172
1224,315bdafd,1225,911245,911281,36,Input,q,q,q,687,172
1225,315bdafd,1226,911664,911731,67,Input,q,q,q,688,172
1226,315bdafd,1227,911928,912003,75,Input,Space,Space, ,689,173
1227,315bdafd,1228,912192,912283,91,Input,q,q,q,690,173
1228,315bdafd,1229,912840,912939,99,Input,q,q,q,691,173
1229,315bdafd,1230,913096,913179,83,Input,q,q,q,692,173
1230,315bdafd,1231,913400,913483,83,Input,Space,Space, ,693,174
1231,315bdafd,1232,914400,914459,59,Input,q,q,q,694,174
1232,315bdafd,1233,914793,914853,60,Input,q,q,q,695,174
1233,315bdafd,1234,914849,914931,82,Input,Space,Space, ,696,175
1234,315bdafd,1235,915720,915795,75,Input,q,q,q,697,175
1235,315bdafd,1236,915952,916011,59,Input,q,q,q,698,175
1236,315bdafd,1237,916368,916523,155,Input,q,q,q,699,175
1237,315bdafd,1238,916688,916763,75,Input,q,q,q,700,175
1238,315bdafd,1239,917008,917115,107,Input,q,q,q,701,175
1239,315bdafd,1240,917223,917347,124,Input,q,q,q,702,175
1240,315bdafd,1241,917456,917547,91,Input,q,q,q,703,175
1241,315bdafd,1242,917800,917861,61,Input,q,q,q,704,175
1242,315bdafd,1243,917856,917947,91,Input,Space,Space, ,705,176
1243,315bdafd,1244,918791,918948,157,Input,q,q,q,706,176
1244,315bdafd,1245,918961,919043,82,Input,q,q,q,707,176
1245,315bdafd,1246,919256,919339,83,Input,q,q,q,708,176
1246,315bdafd,1247,919385,919467,82,Input,Space,Space, ,709,177
1247,315bdafd,1248,920680,920763,83,Input,q,q,q,710,177
1248,315bdafd,1249,920912,921043,131,Input,q,q,q,711,177
1249,315bdafd,1250,921152,921195,43,Input,q,q,q,712,177
1250,315bdafd,1251,921384,921459,75,Input,Space,Space, ,713,178
1251,315bdafd,1252,921944,922075,131,Input,q,q,q,714,178
1252,315bdafd,1253,922104,922179,75,Input,q,q,q,715,178
1253,315bdafd,1254,922416,922483,67,Input,Space,Space, ,716,179
1254,315bdafd,1255,922826,922891,65,Input,q,q,q,717,179
1255,315bdafd,1256,923001,923146,145,Input,q,q,q,718,179
1256,315bdafd,1257,923296,923355,59,Input,q,q,q,719,179
1257,315bdafd,1258,923552,923603,51,Input,Space,Space, ,720,180
1258,315bdafd,1259,923965,924027,62,Input,q,q,q,721,180
1259,315bdafd,1260,924210,924259,49,Input,q,q,q,722,180
1260,315bdafd,1261,924592,924683,91,Input,q,q,q,723,180
1261,315bdafd,1262,924856,924923,67,Input,q,q,q,724,180
1262,315bdafd,1263,925136,925235,99,Input,Space,Space, ,725,181
1263,315bdafd,1264,925896,926035,139,Input,q,q,q,726,181
1264,315bdafd,1265,926776,926859,83,Input,q,q,q,727,181
1265,315bdafd,1266,927048,927092,44,Input,q,q,q,728,181
1266,315bdafd,1267,927504,927563,59,Input,q,q,q,729,181
1267,315bdafd,1268,927808,927923,115,Input,q,q,q,730,181
1268,315bdafd,1269,928067,928187,120,Input,q,q,q,731,181
1269,315bdafd,1270,928306,928387,81,Input,Space,Space, ,732,182
1270,315bdafd,1271,929040,929083,43,Input,q,q,q,733,182
1271,315bdafd,1272,929552,929667,115,Input,q,q,q,734,182
1272,315bdafd,1273,929832,929915,83,Input,Space,Space, ,735,183
1273,315bdafd,1274,930129,930186,57,Input,q,q,q,736,183
1274,315bdafd,1275,930737,930835,98,Remove/Cut,Backspace,Backspace,q,735,183
1275,315bdafd,1276,931120,931156,36,Input,q,q,q,736,183
1276,315bdafd,1277,931472,931547,75,Input,q,q,q,737,183
1277,315bdafd,1278,931744,931811,67,Input,q,q,q,738,183
1278,315bdafd,1279,932008,932083,75,Input,Space,Space, ,739,184
1279,315bdafd,1280,932384,932451,67,Input,q,q,q,740,184
1280,315bdafd,1281,932624,932683,59,Input,q,q,q,741,184
1281,315bdafd,1282,932968,933059,91,Input,q,q,q,742,184
1282,315bdafd,1283,933216,933283,67,Input,q,q,q,743,184
1283,315bdafd,1284,933520,933635,115,Input,Space,Space, ,744,185
1284,315bdafd,1285,935904,935995,91,Input,.,.,.,745,185
1285,315bdafd,1286,936154,936235,81,Input,Space,Space, ,746,185
1286,315bdafd,1287,939431,939530,99,Input,q,q,q,747,185
1287,315bdafd,1288,939707,939803,96,Input,q,q,q,748,185
1288,315bdafd,1289,940512,940571,59,Remove/Cut,Backspace,Backspace,q,747,185
1289,315bdafd,1290,940928,940987,59,Input,q,q,q,748,185
1290,315bdafd,1291,941248,941363,115,Input,q,q,q,749,185
1291,315bdafd,1292,941400,941483,83,Input,Space,Space, ,750,186
1292,315bdafd,1293,941952,942003,51,Input,q,q,q,751,186
1293,315bdafd,1294,942162,942275,113,Input,q,q,q,752,186
1294,315bdafd,1295,942464,942611,147,Input,q,q,q,753,186
1295,315bdafd,1296,942848,942907,59,Input,q,q,q,754,186
1296,315bdafd,1297,943092,943163,71,Input,Space,Space, ,755,187
1297,315bdafd,1298,943491,943530,39,Input,q,q,q,756,187
1298,315bdafd,1299,943943,944027,84,Input,q,q,q,757,187
1299,315bdafd,1300,944584,944715,131,Remove/Cut,Backspace,Backspace,q,756,187
1300,315bdafd,1301,944849,944979,130,Input,q,q,q,757,187
1301,315bdafd,1302,945064,945123,59,Input,Space,Space, ,758,188
1302,315bdafd,1303,945723,945794,71,Input,q,q,q,759,188
1303,315bdafd,1304,945969,946018,49,Input,q,q,q,760,188
1304,315bdafd,1305,946321,946411,90,Input,q,q,q,761,188
1305,315bdafd,1306,946546,946619,73,Input,q,q,q,762,188
1306,315bdafd,1307,946800,946875,75,Input,Space,Space, ,763,189
1307,315bdafd,1308,947344,947427,83,Input,q,q,q,764,189
1308,315bdafd,1309,947608,947675,67,Input,q,q,q,765,189
1309,315bdafd,1310,947848,947939,91,Input,q,q,q,766,189
1310,315bdafd,1311,948392,948475,83,Input,q,q,q,767,189
1311,315bdafd,1312,948808,948859,51,Input,q,q,q,768,189
1312,315bdafd,1313,949256,949316,60,Input,q,q,q,769,189
1313,315bdafd,1314,949835,950027,192,Input,q,q,q,770,189
1314,315bdafd,1315,950074,950163,89,Input,q,q,q,771,189
1315,315bdafd,1316,950363,950435,72,Input,q,q,q,772,189
1316,315bdafd,1317,950921,951011,90,Input,Space,Space, ,773,190
1317,315bdafd,1318,951192,951266,74,Input,q,q,q,774,190
1318,315bdafd,1319,951440,951515,75,Input,q,q,q,775,190
1319,315bdafd,1320,951656,951715,59,Input,Space,Space, ,776,191
1320,315bdafd,1321,955193,955267,74,Input,q,q,q,777,191
1321,315bdafd,1322,955562,955627,65,Input,q,q,q,778,191
1322,315bdafd,1323,955929,956002,73,Input,q,q,q,779,191
1323,315bdafd,1324,956225,956330,105,Input,q,q,q,780,191
1324,315bdafd,1325,956388,956459,71,Input,Space,Space, ,781,192
1325,315bdafd,1326,956840,956890,50,Input,q,q,q,782,192
1326,315bdafd,1327,957120,957235,115,Input,q,q,q,783,192
1327,315bdafd,1328,957477,957634,157,Input,q,q,q,784,192
1328,315bdafd,1329,958273,958426,153,Remove/Cut,Backspace,Backspace,q,783,192
1329,315bdafd,1330,959148,959282,134,Input,q,q,q,784,192
1330,315bdafd,1331,959408,959499,91,Input,q,q,q,785,192
1331,315bdafd,1332,959994,960090,96,Input,q,q,q,786,192
1332,315bdafd,1333,960784,960866,82,Input,q,q,q,787,192
1333,315bdafd,1334,960992,961059,67,Input,q,q,q,788,192
1334,315bdafd,1335,961220,961330,110,Input,q,q,q,789,192
1335,315bdafd,1336,961456,961538,82,Input,Space,Space, ,790,193
1336,315bdafd,1337,964202,964299,97,Input,q,q,q,791,193
1337,315bdafd,1338,964368,964522,154,Input,q,q,q,792,193
1338,315bdafd,1339,964592,964675,83,Input,Space,Space, ,793,194
1339,315bdafd,1340,964944,965013,69,Input,q,q,q,794,194
1340,315bdafd,1341,965176,965314,138,Input,q,q,q,795,194
1341,315bdafd,1342,965337,965410,73,Input,Space,Space, ,796,195
1342,315bdafd,1343,966425,966474,49,Input,q,q,q,797,195
1343,315bdafd,1344,966640,966690,50,Input,q,q,q,798,195
1344,315bdafd,1345,967044,967106,62,Input,q,q,q,799,195
1345,315bdafd,1346,967329,967467,138,Input,q,q,q,800,195
1346,315bdafd,1347,967520,967594,74,Input,Space,Space, ,801,196
1347,315bdafd,1348,967760,967850,90,Input,q,q,q,802,196
1348,315bdafd,1349,969017,969075,58,Remove/Cut,Backspace,Backspace,q,801,196
1349,315bdafd,1350,971033,971083,50,Input,q,q,q,802,196
1350,315bdafd,1351,971371,971418,47,Input,q,q,q,803,196
1351,315bdafd,1352,971867,971926,59,Input,q,q,q,804,196
1352,315bdafd,1353,972179,972261,82,Input,q,q,q,805,196
1353,315bdafd,1354,972419,972477,58,Input,Space,Space, ,806,197
1354,315bdafd,1355,973622,973661,39,Input,q,q,q,807,197
1355,315bdafd,1356,973909,974005,96,Input,q,q,q,808,197
1356,315bdafd,1357,974188,974269,81,Input,Space,Space, ,809,198
1357,315bdafd,1358,974860,974941,81,Input,q,q,q,810,198
1358,315bdafd,1359,975068,975189,121,Input,q,q,q,811,198
1359,315bdafd,1360,975315,975365,50,Input,q,q,q,812,198
1360,315bdafd,1361,975548,975653,105,Input,Space,Space, ,813,199
1361,315bdafd,1362,975829,975877,48,Input,q,q,q,814,199
1362,315bdafd,1363,976238,976301,63,Input,q,q,q,815,199
1363,315bdafd,1364,976492,976573,81,Input,Space,Space, ,816,200
1364,315bdafd,1365,976883,976949,66,Input,q,q,q,817,200
1365,315bdafd,1366,977052,977189,137,Input,q,q,q,818,200
1366,315bdafd,1367,977270,977317,47,Input,q,q,q,819,200
1367,315bdafd,1368,977548,977621,73,Input,Space,Space, ,820,201
1368,315bdafd,1369,979340,979422,82,Input,q,q,q,821,201
1369,315bdafd,1370,979573,979630,57,Input,q,q,q,822,201
1370,315bdafd,1371,979884,979949,65,Input,q,q,q,823,201
1371,315bdafd,1372,980108,980261,153,Input,q,q,q,824,201
1372,315bdafd,1373,984875,984954,79,Nonproduction,Leftclick,Leftclick,NoChange,876,201
1373,315bdafd,1374,993017,993145,128,Nonproduction,Leftclick,Leftclick,NoChange,228,201
1374,315bdafd,1375,993722,993833,111,Nonproduction,Leftclick,Leftclick,NoChange,486,201
1375,315bdafd,1376,993960,994065,105,Nonproduction,Leftclick,Leftclick,NoChange,487,201
1376,315bdafd,1377,1203352,1203452,100,Nonproduction,Leftclick,Leftclick,NoChange,487,201
1377,315bdafd,1378,1203735,1204803,1068,Nonproduction,Leftclick,Leftclick,NoChange,487,201
1378,315bdafd,1379,1205278,1210435,5157,Nonproduction,Leftclick,Leftclick,NoChange,487,201
